ticker,first_date,last_date,n_days_present,n_days_expected_in_range,n_gap_days_in_middle,example_gap_dates,duplicate_column_dates
A.N,2018-10-19,2023-10-18,1247,1247,0,[],[]
AAL.OQ,2018-10-19,2023-10-18,1247,1247,0,[],[]
AAPL.OQ,2018-10-19,2023-10-18,1247,1247,0,[],[]
ABBV.N,2018-10-19,2023-10-18,1247,1247,0,[],[]
ABT.N,2018-10-19,2023-10-18,1247,1247,0,[],[]
ACGL.OQ,2018-10-19,2023-10-18,1247,1247,0,[],[]
ACN.N,2018-10-19,2023-10-18,1247,1247,0,[],[]
ADBE.OQ,2018-10-19,2023-10-18,1247,1247,0,[],[]
ADI.OQ,2018-10-19,2023-10-18,1247,1247,0,[],[]
ADM.N,2018-10-19,2023-10-18,1247,1247,0,[],[]
ADP.OQ,2018-10-19,2023-10-18,1247,1247,0,[],[]
ADSK.OQ,2018-10-19,2023-10-18,1247,1247,0,[],[]
AEE.N,2018-10-19,2023-10-18,1247,1247,0,[],[]
AES.N,2018-10-19,2023-10-18,1247,1247,0,[],[]
AFL.N,2018-10-19,2023-10-18,1247,1247,0,[],[]
AIG.N,2018-10-19,2023-10-18,1247,1247,0,[],[]
AIZ.N,2018-10-19,2023-10-18,1247,1247,0,[],[]
AJG.N,2018-10-19,2023-10-18,1247,1247,0,[],[]
AKAM.OQ,2018-10-19,2023-10-18,1247,1247,0,[],[]
ALB.N,2018-10-19,2023-10-18,1247,1247,0,[],[]
ALGN.OQ,2018-10-19,2023-10-18,1247,1247,0,[],[]
ALK.N,2018-10-19,2023-10-18,1247,1247,0,[],[]
ALL.N,2018-10-19,2023-10-18,1247,1247,0,[],[]
ALLE.N,2018-10-19,2023-10-18,1247,1247,0,[],[]
AMAT.OQ,2018-10-19,2023-10-18,1247,1247,0,[],[]
AMD.OQ,2018-10-19,2023-10-18,1247,1247,0,[],[]
AME.N,2018-10-19,2023-10-18,1247,1247,0,[],[]
AMGN.OQ,2018-10-19,2023-10-18,1247,1247,0,[],[]
AMP.N,2018-10-19,2023-10-18,1247,1247,0,[],[]
AMT.N,2018-10-19,2023-10-18,1247,1247,0,[],[]
AMZN.OQ,2018-10-19,2023-10-18,1247,1247,0,[],[]
ANET.N,2018-10-19,2023-10-18,1247,1247,0,[],[]
ANSS.OQ,2018-10-19,2023-10-18,1247,1247,0,[],[]
AON.N,2018-10-19,2023-10-18,1247,1247,0,[],[]
AOS.N,2018-10-19,2023-10-18,1247,1247,0,[],[]
APD.N,2018-10-19,2023-10-18,1247,1247,0,[],[]
APH.N,2018-10-19,2023-10-18,1247,1247,0,[],[]
APTV.N,2018-10-19,2023-10-18,1247,1247,0,[],[]
ARE.N,2018-10-19,2023-10-18,1247,1247,0,[],[]
ATO.N,2018-10-19,2023-10-18,1247,1247,0,[],[]
AVB.N,2018-10-19,2023-10-18,1247,1247,0,[],[]
AVGO.OQ,2018-10-19,2023-10-18,1247,1247,0,[],[]
AVY.N,2018-10-19,2023-10-18,1247,1247,0,[],[]
AWK.N,2018-10-19,2023-10-18,1247,1247,0,[],[]
AXON.OQ,2018-10-19,2023-10-18,761,1247,486,"['2019-01-30', '2019-02-14', '2019-02-15', '2019-02-19', '2019-02-20']",[]
AXP.N,2018-10-19,2023-10-18,1247,1247,0,[],[]
AZO.N,2018-10-19,2023-10-18,1247,1247,0,[],[]
BA.N,2018-10-19,2023-10-18,1247,1247,0,[],[]
BAC.N,2018-10-19,2023-10-18,1247,1247,0,[],[]
BAX.N,2018-10-19,2023-10-18,1247,1247,0,[],[]
BBY.N,2018-10-19,2023-10-18,1247,1247,0,[],[]
BDX.N,2018-10-19,2023-10-18,1247,1247,0,[],[]
BEN.N,2018-10-19,2023-10-18,1247,1247,0,[],[]
BFb.N,2018-10-19,2023-10-18,1247,1247,0,[],[]
BG.N,2018-10-19,2023-10-18,1247,1247,0,[],[]
BIIB.OQ,2018-10-19,2023-10-18,1245,1247,2,"['2020-11-06', '2023-06-09']",[]
BIO.N,2018-10-19,2023-10-18,1247,1247,0,[],[]
BK.N,2018-10-19,2023-10-18,1247,1247,0,[],[]
BKNG.OQ,2018-10-19,2023-10-18,1247,1247,0,[],[]
BLK.N,2018-10-19,2023-10-18,1247,1247,0,[],[]
BMY.N,2018-10-19,2023-10-18,1247,1247,0,[],[]
BR.N,2018-10-19,2023-10-18,1247,1247,0,[],[]
BRKb.N,2018-10-19,2023-10-18,1247,1247,0,[],[]
BRO.N,2018-10-19,2023-10-18,1247,1247,0,[],[]
BSX.N,2018-10-19,2023-10-18,1247,1247,0,[],[]
BWA.N,2018-10-19,2023-10-18,1247,1247,0,[],[]
BX.N,2018-10-19,2023-10-18,1247,1247,0,[],[]
BXP.N,2018-10-19,2023-10-18,1247,1247,0,[],[]
C.N,2018-10-19,2023-10-18,1247,1247,0,[],[]
CAG.N,2018-10-19,2023-10-18,1247,1247,0,[],[]
CAH.N,2018-10-19,2023-10-18,1247,1247,0,[],[]
CAT.N,2018-10-19,2023-10-18,1247,1247,0,[],[]
CB.N,2018-10-19,2023-10-18,1247,1247,0,[],[]
CBOE.Z,2018-10-19,2023-10-18,1247,1247,0,[],[]
CBRE.N,2018-10-19,2023-10-18,1247,1247,0,[],[]
CCI.N,2018-10-19,2023-10-18,1247,1247,0,[],[]
CCL.N,2018-10-19,2023-10-18,1247,1247,0,[],[]
CDAY.N,2018-10-19,2023-10-18,1247,1247,0,[],[]
CDNS.OQ,2018-10-19,2023-10-18,1247,1247,0,[],[]
CDW.OQ,2018-10-19,2023-10-18,1247,1247,0,[],[]
CE.N,2018-10-19,2023-10-18,1247,1247,0,[],[]
CF.N,2018-10-19,2023-10-18,1247,1247,0,[],[]
CFG.N,2018-10-19,2023-10-18,1247,1247,0,[],[]
CHD.N,2018-10-19,2023-10-18,1247,1247,0,[],[]
CHRW.OQ,2018-10-19,2023-10-18,1247,1247,0,[],[]
CHTR.OQ,2018-10-19,2023-10-18,1247,1247,0,[],[]
CI.N,2018-10-19,2023-10-18,1247,1247,0,[],[]
CINF.OQ,2018-10-19,2023-10-18,1247,1247,0,[],[]
CL.N,2018-10-19,2023-10-18,1247,1247,0,[],[]
CLX.N,2018-10-19,2023-10-18,1247,1247,0,[],[]
CMA.N,2018-10-19,2023-10-18,1247,1247,0,[],[]
CMCSA.OQ,2018-10-19,2023-10-18,1247,1247,0,[],[]
CME.OQ,2018-10-19,2023-10-18,1247,1247,0,[],[]
CMG.N,2018-10-19,2023-10-18,1247,1247,0,[],[]
CMI.N,2018-10-19,2023-10-18,1247,1247,0,[],[]
CMS.N,2018-10-19,2023-10-18,1247,1247,0,[],[]
CNC.N,2018-10-19,2023-10-18,1247,1247,0,[],[]
CNP.N,2018-10-19,2023-10-18,1247,1247,0,[],[]
COF.N,2018-10-19,2023-10-18,1247,1247,0,[],[]
COP.N,2018-10-19,2023-10-18,1247,1247,0,[],[]
COR.N,2018-10-19,2023-10-18,829,1247,418,"['2021-12-28', '2021-12-29', '2021-12-30', '2021-12-31', '2022-01-03']",[]
COST.OQ,2018-10-19,2023-10-18,1247,1247,0,[],[]
CPB.N,2018-10-19,2023-10-18,1247,1247,0,[],[]
CPRT.OQ,2018-10-19,2023-10-18,1247,1247,0,[],[]
CPT.N,2018-10-19,2023-10-18,1247,1247,0,[],[]
CRL.N,2018-10-19,2023-10-18,1247,1247,0,[],[]
CRM.N,2018-10-19,2023-10-18,1247,1247,0,[],[]
CSCO.OQ,2018-10-19,2023-10-18,1247,1247,0,[],[]
CSGP.OQ,2018-10-19,2023-10-18,1247,1247,0,[],[]
CSX.OQ,2018-10-19,2023-10-18,1247,1247,0,[],[]
CTAS.OQ,2018-10-19,2023-10-18,1247,1247,0,[],[]
CTLT.N,2018-10-19,2023-10-18,1247,1247,0,[],[]
CTSH.OQ,2018-10-19,2023-10-18,1247,1247,0,[],[]
CVS.N,2018-10-19,2023-10-18,1247,1247,0,[],[]
CVX.N,2018-10-19,2023-10-18,1247,1247,0,[],[]
CZR.OQ,2018-10-19,2023-10-18,1247,1247,0,[],[]
D.N,2018-10-19,2023-10-18,1247,1247,0,[],[]
DAL.N,2018-10-19,2023-10-18,1247,1247,0,[],[]
DE.N,2018-10-19,2023-10-18,1247,1247,0,[],[]
DFS.N,2018-10-19,2023-10-18,1247,1247,0,[],[]
DG.N,2018-10-19,2023-10-18,1247,1247,0,[],[]
DGX.N,2018-10-19,2023-10-18,1247,1247,0,[],[]
DHI.N,2018-10-19,2023-10-18,1247,1247,0,[],[]
DHR.N,2018-10-19,2023-10-18,1247,1247,0,[],[]
DIS.N,2018-10-19,2023-10-18,1247,1247,0,[],[]
DLR.N,2018-10-19,2023-10-18,1247,1247,0,[],[]
DLTR.OQ,2018-10-19,2023-10-18,1247,1247,0,[],[]
DOV.N,2018-10-19,2023-10-18,1247,1247,0,[],[]
DPZ.N,2018-10-19,2023-10-18,1247,1247,0,[],[]
DRI.N,2018-10-19,2023-10-18,1247,1247,0,[],[]
DTE.N,2018-10-19,2023-10-18,1247,1247,0,[],[]
DUK.N,2018-10-19,2023-10-18,1247,1247,0,[],[]
DVA.N,2018-10-19,2023-10-18,1247,1247,0,[],[]
DVN.N,2018-10-19,2023-10-18,1247,1247,0,[],[]
DXCM.OQ,2018-10-19,2023-10-18,1247,1247,0,[],[]
EA.OQ,2018-10-19,2023-10-18,1247,1247,0,[],[]
EBAY.OQ,2018-10-19,2023-10-18,1247,1247,0,[],[]
ECL.N,2018-10-19,2023-10-18,1247,1247,0,[],[]
ED.N,2018-10-19,2023-10-18,1247,1247,0,[],[]
EFX.N,2018-10-19,2023-10-18,1247,1247,0,[],[]
EIX.N,2018-10-19,2023-10-18,1247,1247,0,[],[]
EL.N,2018-10-19,2023-10-18,1247,1247,0,[],[]
EMN.N,2018-10-19,2023-10-18,1247,1247,0,[],[]
EMR.N,2018-10-19,2023-10-18,1247,1247,0,[],[]
ENPH.OQ,2018-10-19,2023-10-18,1247,1247,0,[],[]
EOG.N,2018-10-19,2023-10-18,1247,1247,0,[],[]
EPAM.N,2018-10-19,2023-10-18,1247,1247,0,[],[]
EQIX.OQ,2018-10-19,2023-10-18,1247,1247,0,[],[]
EQR.N,2018-10-19,2023-10-18,1247,1247,0,[],[]
EQT.N,2018-10-19,2023-10-18,1247,1247,0,[],[]
ES.N,2018-10-19,2023-10-18,1247,1247,0,[],[]
ESS.N,2018-10-19,2023-10-18,1247,1247,0,[],[]
ETN.N,2018-10-19,2023-10-18,1247,1247,0,[],[]
ETR.N,2018-10-19,2023-10-18,1247,1247,0,[],[]
ETSY.OQ,2018-10-19,2023-10-18,1247,1247,0,[],[]
EW.N,2018-10-19,2023-10-18,1247,1247,0,[],[]
EXPD.OQ,2018-10-19,2023-10-18,1247,1247,0,[],[]
EXPE.OQ,2018-10-19,2023-10-18,1247,1247,0,[],[]
EXR.N,2018-10-19,2023-10-18,1247,1247,0,[],[]
F.N,2018-10-19,2023-10-18,1247,1247,0,[],[]
FANG.OQ,2018-10-19,2023-10-18,1247,1247,0,[],[]
FAST.OQ,2018-10-19,2023-10-18,1247,1247,0,[],[]
FCX.N,2018-10-19,2023-10-18,1247,1247,0,[],[]
FDS.N,2018-10-19,2023-10-18,1247,1247,0,[],[]
FDX.N,2018-10-19,2023-10-18,1247,1247,0,[],[]
FE.N,2018-10-19,2023-10-18,1247,1247,0,[],[]
FFIV.OQ,2018-10-19,2023-10-18,1247,1247,0,[],[]
FI.N,2018-10-19,2023-10-18,828,1247,419,"['2021-10-04', '2021-10-05', '2021-10-06', '2021-10-07', '2021-10-08']",[]
FICO.N,2018-10-19,2023-10-18,1247,1247,0,[],[]
FIS.N,2018-10-19,2023-10-18,1247,1247,0,[],[]
FITB.OQ,2018-10-19,2023-10-18,1247,1247,0,[],[]
FLT.N,2018-10-19,2023-10-18,1247,1247,0,[],[]
FMC.N,2018-10-19,2023-10-18,1247,1247,0,[],[]
FOX.OQ,2018-10-19,2023-10-18,1247,1247,0,[],[]
FOXA.OQ,2018-10-19,2023-10-18,1247,1247,0,[],[]
FRT.N,2018-10-19,2023-10-18,1247,1247,0,[],[]
FSLR.OQ,2018-10-19,2023-10-18,1247,1247,0,[],[]
FTNT.OQ,2018-10-19,2023-10-18,1247,1247,0,[],[]
FTV.N,2018-10-19,2023-10-18,1247,1247,0,[],[]
GD.N,2018-10-19,2023-10-18,1247,1247,0,[],[]
GE.N,2018-10-19,2023-10-18,1247,1247,0,[],[]
GILD.OQ,2018-10-19,2023-10-18,1247,1247,0,[],[]
GIS.N,2018-10-19,2023-10-18,1247,1247,0,[],[]
GLW.N,2018-10-19,2023-10-18,1247,1247,0,[],[]
GM.N,2018-10-19,2023-10-18,1247,1247,0,[],[]
GNRC.N,2018-10-19,2023-10-18,1247,1247,0,[],[]
GOOG.OQ,2018-10-19,2023-10-18,1247,1247,0,[],[]
GOOGL.OQ,2018-10-19,2023-10-18,1247,1247,0,[],[]
GPC.N,2018-10-19,2023-10-18,1247,1247,0,[],[]
GPN.N,2018-10-19,2023-10-18,1247,1247,0,[],[]
GRMN.N,2018-10-19,2023-10-18,1233,1247,14,"['2019-01-10', '2019-02-04', '2019-04-29', '2019-05-30', '2019-06-19']",[]
GS.N,2018-10-19,2023-10-18,1247,1247,0,[],[]
GWW.N,2018-10-19,2023-10-18,1247,1247,0,[],[]
HAL.N,2018-10-19,2023-10-18,1247,1247,0,[],[]
HAS.OQ,2018-10-19,2023-10-18,1247,1247,0,[],[]
HBAN.OQ,2018-10-19,2023-10-18,1247,1247,0,[],[]
HCA.N,2018-10-19,2023-10-18,1247,1247,0,[],[]
HD.N,2018-10-19,2023-10-18,1247,1247,0,[],[]
HES.N,2018-10-19,2023-10-18,1247,1247,0,[],[]
HIG.N,2018-10-19,2023-10-18,1247,1247,0,[],[]
HII.N,2018-10-19,2023-10-18,1247,1247,0,[],[]
HLT.N,2018-10-19,2023-10-18,1247,1247,0,[],[]
HOLX.OQ,2018-10-19,2023-10-18,1247,1247,0,[],[]
HPE.N,2018-10-19,2023-10-18,1247,1247,0,[],[]
HPQ.N,2018-10-19,2023-10-18,1247,1247,0,[],[]
HRL.N,2018-10-19,2023-10-18,1247,1247,0,[],[]
HSIC.OQ,2018-10-19,2023-10-18,1247,1247,0,[],[]
HSY.N,2018-10-19,2023-10-18,1247,1247,0,[],[]
HUBB.N,2018-10-19,2023-10-18,1247,1247,0,[],[]
HUM.N,2018-10-19,2023-10-18,1247,1247,0,[],[]
IBM.N,2018-10-19,2023-10-18,1247,1247,0,[],[]
ICE.N,2018-10-19,2023-10-18,1247,1247,0,[],[]
IDXX.OQ,2018-10-19,2023-10-18,1247,1247,0,[],[]
IEX.N,2018-10-19,2023-10-18,1247,1247,0,[],[]
IFF.N,2018-10-19,2023-10-18,1247,1247,0,[],[]
ILMN.OQ,2018-10-19,2023-10-18,1247,1247,0,[],[]
INCY.OQ,2018-10-19,2023-10-18,1247,1247,0,[],[]
INTC.OQ,2018-10-19,2023-10-18,1247,1247,0,[],[]
INTU.OQ,2018-10-19,2023-10-18,1247,1247,0,[],[]
INVH.N,2018-10-19,2023-10-18,1247,1247,0,[],[]
IP.N,2018-10-19,2023-10-18,1247,1247,0,[],[]
IPG.N,2018-10-19,2023-10-18,1247,1247,0,[],[]
IQV.N,2018-10-19,2023-10-18,1247,1247,0,[],[]
IR.N,2018-10-19,2023-10-18,1247,1247,0,[],[]
IRM.N,2018-10-19,2023-10-18,1247,1247,0,[],[]
ISRG.OQ,2018-10-19,2023-10-18,1247,1247,0,[],[]
IT.N,2018-10-19,2023-10-18,1247,1247,0,[],[]
ITW.N,2018-10-19,2023-10-18,1247,1247,0,[],[]
IVZ.N,2018-10-19,2023-10-18,1247,1247,0,[],[]
JBHT.OQ,2018-10-19,2023-10-18,1247,1247,0,[],[]
JCI.N,2018-10-19,2023-10-18,1247,1247,0,[],[]
JKHY.OQ,2018-10-19,2023-10-18,1247,1247,0,[],[]
JNJ.N,2018-10-19,2023-10-18,1247,1247,0,[],[]
JNPR.N,2018-10-19,2023-10-18,1247,1247,0,[],[]
JPM.N,2018-10-19,2023-10-18,1247,1247,0,[],[]
K.N,2018-10-19,2023-10-18,1247,1247,0,[],[]
KEY.N,2018-10-19,2023-10-18,1247,1247,0,[],[]
KEYS.N,2018-10-19,2023-10-18,1247,1247,0,[],[]
KHC.OQ,2018-10-19,2023-10-18,1247,1247,0,[],[]
KIM.N,2018-10-19,2023-10-18,1247,1247,0,[],[]
KLAC.OQ,2018-10-19,2023-10-18,1247,1247,0,[],[]
KMB.N,2018-10-19,2023-10-18,1247,1247,0,[],[]
KMI.N,2018-10-19,2023-10-18,1247,1247,0,[],[]
KMX.N,2018-10-19,2023-10-18,1247,1247,0,[],[]
KO.N,2018-10-19,2023-10-18,1247,1247,0,[],[]
KR.N,2018-10-19,2023-10-18,1247,1247,0,[],[]
L.N,2018-10-19,2023-10-18,1247,1247,0,[],[]
LDOS.N,2018-10-19,2023-10-18,1247,1247,0,[],[]
LEN.N,2018-10-19,2023-10-18,1247,1247,0,[],[]
LH.N,2018-10-19,2023-10-18,1247,1247,0,[],[]
LKQ.OQ,2018-10-19,2023-10-18,1247,1247,0,[],[]
LLY.N,2018-10-19,2023-10-18,1247,1247,0,[],[]
LMT.N,2018-10-19,2023-10-18,1247,1247,0,[],[]
LOW.N,2018-10-19,2023-10-18,1247,1247,0,[],[]
LRCX.OQ,2018-10-19,2023-10-18,1247,1247,0,[],[]
LULU.OQ,2018-10-19,2023-10-18,1247,1247,0,[],[]
LUV.N,2018-10-19,2023-10-18,1247,1247,0,[],[]
LVS.N,2018-10-19,2023-10-18,1247,1247,0,[],[]
LW.N,2018-10-19,2023-10-18,1247,1247,0,[],[]
LYB.N,2018-10-19,2023-10-18,1247,1247,0,[],[]
LYV.N,2018-10-19,2023-10-18,1247,1247,0,[],[]
MA.N,2018-10-19,2023-10-18,1247,1247,0,[],[]
MAA.N,2018-10-19,2023-10-18,1247,1247,0,[],[]
MAR.OQ,2018-10-19,2023-10-18,1247,1247,0,[],[]
MAS.N,2018-10-19,2023-10-18,1247,1247,0,[],[]
MCD.N,2018-10-19,2023-10-18,1247,1247,0,[],[]
MCHP.OQ,2018-10-19,2023-10-18,1247,1247,0,[],[]
MCK.N,2018-10-19,2023-10-18,1247,1247,0,[],[]
MCO.N,2018-10-19,2023-10-18,1247,1247,0,[],[]
MDLZ.OQ,2018-10-19,2023-10-18,1247,1247,0,[],[]
MDT.N,2018-10-19,2023-10-18,1247,1247,0,[],[]
MET.N,2018-10-19,2023-10-18,1247,1247,0,[],[]
MGM.N,2018-10-19,2023-10-18,1247,1247,0,[],[]
MHK.N,2018-10-19,2023-10-18,1247,1247,0,[],[]
MKC.N,2018-10-19,2023-10-18,1247,1247,0,[],[]
MKTX.OQ,2018-10-19,2023-10-18,1247,1247,0,[],[]
MLM.N,2018-10-19,2023-10-18,1247,1247,0,[],[]
MMC.N,2018-10-19,2023-10-18,1247,1247,0,[],[]
MMM.N,2018-10-19,2023-10-18,1247,1247,0,[],[]
MNST.OQ,2018-10-19,2023-10-18,1247,1247,0,[],[]
MO.N,2018-10-19,2023-10-18,1247,1247,0,[],[]
MOH.N,2018-10-19,2023-10-18,1247,1247,0,[],[]
MOS.N,2018-10-19,2023-10-18,1247,1247,0,[],[]
MPC.N,2018-10-19,2023-10-18,1247,1247,0,[],[]
MPWR.OQ,2018-10-19,2023-10-18,1247,1247,0,[],[]
MRK.N,2018-10-19,2023-10-18,1247,1247,0,[],[]
MRO.N,2018-10-19,2023-10-18,1247,1247,0,[],[]
MS.N,2018-10-19,2023-10-18,1247,1247,0,[],[]
MSCI.N,2018-10-19,2023-10-18,1247,1247,0,[],[]
MSFT.OQ,2018-10-19,2023-10-18,1247,1247,0,[],[]
MSI.N,2018-10-19,2023-10-18,1247,1247,0,[],[]
MTB.N,2018-10-19,2023-10-18,1247,1247,0,[],[]
MTCH.OQ,2018-10-19,2023-10-18,1247,1247,0,[],[]
MTD.N,2018-10-19,2023-10-18,1247,1247,0,[],[]
MU.OQ,2018-10-19,2023-10-18,1247,1247,0,[],[]
NCLH.N,2018-10-19,2023-10-18,1247,1247,0,[],[]
NDAQ.OQ,2018-10-19,2023-10-18,1247,1247,0,[],[]
NDSN.OQ,2018-10-19,2023-10-18,1247,1247,0,[],[]
NEE.N,2018-10-19,2023-10-18,1247,1247,0,[],[]
NEM.N,2018-10-19,2023-10-18,1247,1247,0,[],[]
NFLX.OQ,2018-10-19,2023-10-18,1247,1247,0,[],[]
NI.N,2018-10-19,2023-10-18,1247,1247,0,[],[]
NKE.N,2018-10-19,2023-10-18,1247,1247,0,[],[]
NOC.N,2018-10-19,2023-10-18,1247,1247,0,[],[]
NOW.N,2018-10-19,2023-10-18,1247,1247,0,[],[]
NRG.N,2018-10-19,2023-10-18,1247,1247,0,[],[]
NSC.N,2018-10-19,2023-10-18,1247,1247,0,[],[]
NTAP.OQ,2018-10-19,2023-10-18,1247,1247,0,[],[]
NTRS.OQ,2018-10-19,2023-10-18,1247,1247,0,[],[]
NUE.N,2018-10-19,2023-10-18,1247,1247,0,[],[]
NVDA.OQ,2018-10-19,2023-10-18,1247,1247,0,[],[]
NVR.N,2018-10-19,2023-10-18,1247,1247,0,[],[]
NWS.OQ,2018-10-19,2023-10-18,1247,1247,0,[],[]
NWSA.OQ,2018-10-19,2023-10-18,1247,1247,0,[],[]
NXPI.OQ,2018-10-19,2023-10-18,1247,1247,0,[],[]
O.N,2018-10-19,2023-10-18,1247,1247,0,[],[]
ODFL.OQ,2018-10-19,2023-10-18,1247,1247,0,[],[]
OKE.N,2018-10-19,2023-10-18,1247,1247,0,[],[]
OMC.N,2018-10-19,2023-10-18,1247,1247,0,[],[]
ON.OQ,2018-10-19,2023-10-18,1247,1247,0,[],[]
ORCL.N,2018-10-19,2023-10-18,1247,1247,0,[],[]
ORLY.OQ,2018-10-19,2023-10-18,1247,1247,0,[],[]
OXY.N,2018-10-19,2023-10-18,1247,1247,0,[],[]
PAYC.N,2018-10-19,2023-10-18,1247,1247,0,[],[]
PAYX.OQ,2018-10-19,2023-10-18,1247,1247,0,[],[]
PCAR.OQ,2018-10-19,2023-10-18,1247,1247,0,[],[]
PCG.N,2018-10-19,2023-10-18,1247,1247,0,[],[]
PEG.N,2018-10-19,2023-10-18,1247,1247,0,[],[]
PEP.OQ,2018-10-19,2023-10-18,1247,1247,0,[],[]
PFE.N,2018-10-19,2023-10-18,1247,1247,0,[],[]
PFG.OQ,2018-10-19,2023-10-18,1247,1247,0,[],[]
PG.N,2018-10-19,2023-10-18,1247,1247,0,[],[]
PGR.N,2018-10-19,2023-10-18,1247,1247,0,[],[]
PH.N,2018-10-19,2023-10-18,1247,1247,0,[],[]
PHM.N,2018-10-19,2023-10-18,1247,1247,0,[],[]
PKG.N,2018-10-19,2023-10-18,1247,1247,0,[],[]
PLD.N,2018-10-19,2023-10-18,1247,1247,0,[],[]
PM.N,2018-10-19,2023-10-18,1247,1247,0,[],[]
PNC.N,2018-10-19,2023-10-18,1247,1247,0,[],[]
PNR.N,2018-10-19,2023-10-18,1247,1247,0,[],[]
PNW.N,2018-10-19,2023-10-18,1247,1247,0,[],[]
PODD.OQ,2018-10-19,2023-10-18,1247,1247,0,[],[]
POOL.OQ,2018-10-19,2023-10-18,1247,1247,0,[],[]
PPG.N,2018-10-19,2023-10-18,1247,1247,0,[],[]
PPL.N,2018-10-19,2023-10-18,1247,1247,0,[],[]
PRU.N,2018-10-19,2023-10-18,1247,1247,0,[],[]
PSA.N,2018-10-19,2023-10-18,1247,1247,0,[],[]
PSX.N,2018-10-19,2023-10-18,1247,1247,0,[],[]
PTC.OQ,2018-10-19,2023-10-18,1247,1247,0,[],[]
PWR.N,2018-10-19,2023-10-18,1247,1247,0,[],[]
PXD.N,2018-10-19,2023-10-18,1247,1247,0,[],[]
PYPL.OQ,2018-10-19,2023-10-18,1247,1247,0,[],[]
QCOM.OQ,2018-10-19,2023-10-18,1247,1247,0,[],[]
QRVO.OQ,2018-10-19,2023-10-18,1247,1247,0,[],[]
RCL.N,2018-10-19,2023-10-18,1247,1247,0,[],[]
REGN.OQ,2018-10-19,2023-10-18,1247,1247,0,[],[]
RF.N,2018-10-19,2023-10-18,1247,1247,0,[],[]
RHI.N,2018-10-19,2023-10-18,1247,1247,0,[],[]
RJF.N,2018-10-19,2023-10-18,1247,1247,0,[],[]
RL.N,2018-10-19,2023-10-18,1247,1247,0,[],[]
RMD.N,2018-10-19,2023-10-18,1247,1247,0,[],[]
ROK.N,2018-10-19,2023-10-18,1247,1247,0,[],[]
ROL.N,2018-10-19,2023-10-18,1247,1247,0,[],[]
ROST.OQ,2018-10-19,2023-10-18,1247,1247,0,[],[]
RSG.N,2018-10-19,2023-10-18,1247,1247,0,[],[]
SBAC.OQ,2018-10-19,2023-10-18,1247,1247,0,[],[]
SBUX.OQ,2018-10-19,2023-10-18,1247,1247,0,[],[]
SCHW.N,2018-10-19,2023-10-18,1247,1247,0,[],[]
SEDG.OQ,2018-10-19,2023-10-18,1247,1247,0,[],[]
SEE.N,2018-10-19,2023-10-18,1247,1247,0,[],[]
SHW.N,2018-10-19,2023-10-18,1247,1247,0,[],[]
SJM.N,2018-10-19,2023-10-18,1247,1247,0,[],[]
SLB.N,2018-10-19,2023-10-18,1247,1247,0,[],[]
SNA.N,2018-10-19,2023-10-18,1247,1247,0,[],[]
SNPS.OQ,2018-10-19,2023-10-18,1247,1247,0,[],[]
SO.N,2018-10-19,2023-10-18,1247,1247,0,[],[]
SPG.N,2018-10-19,2023-10-18,1247,1247,0,[],[]
SPGI.N,2018-10-19,2023-10-18,1247,1247,0,[],[]
SRE.N,2018-10-19,2023-10-18,1247,1247,0,[],[]
STE.N,2018-10-19,2023-10-18,1247,1247,0,[],[]
STLD.OQ,2018-10-19,2023-10-18,1247,1247,0,[],[]
STT.N,2018-10-19,2023-10-18,1247,1247,0,[],[]
STX.OQ,2018-10-19,2023-10-18,1247,1247,0,[],[]
STZ.N,2018-10-19,2023-10-18,1247,1247,0,[],[]
SWK.N,2018-10-19,2023-10-18,1247,1247,0,[],[]
SWKS.OQ,2018-10-19,2023-10-18,1247,1247,0,[],[]
SYF.N,2018-10-19,2023-10-18,1247,1247,0,[],[]
SYK.N,2018-10-19,2023-10-18,1247,1247,0,[],[]
SYY.N,2018-10-19,2023-10-18,1247,1247,0,[],[]
T.N,2018-10-19,2023-10-18,1247,1247,0,[],[]
TAP.N,2018-10-19,2023-10-18,1247,1247,0,[],[]
TDG.N,2018-10-19,2023-10-18,1247,1247,0,[],[]
TDY.N,2018-10-19,2023-10-18,1247,1247,0,[],[]
TECH.OQ,2018-10-19,2023-10-18,1247,1247,0,[],[]
TEL.N,2018-10-19,2023-10-18,1247,1247,0,[],[]
TFX.N,2018-10-19,2023-10-18,1247,1247,0,[],[]
TGT.N,2018-10-19,2023-10-18,1247,1247,0,[],[]
TJX.N,2018-10-19,2023-10-18,1247,1247,0,[],[]
TMO.N,2018-10-19,2023-10-18,1247,1247,0,[],[]
TMUS.OQ,2018-10-19,2023-10-18,1247,1247,0,[],[]
TPR.N,2018-10-19,2023-10-18,1247,1247,0,[],[]
TRGP.N,2018-10-19,2023-10-18,1247,1247,0,[],[]
TRMB.OQ,2018-10-19,2023-10-18,1247,1247,0,[],[]
TROW.OQ,2018-10-19,2023-10-18,1247,1247,0,[],[]
TRV.N,2018-10-19,2023-10-18,1247,1247,0,[],[]
TSCO.OQ,2018-10-19,2023-10-18,1247,1247,0,[],[]
TSLA.OQ,2018-10-19,2023-10-18,1247,1247,0,[],[]
TSN.N,2018-10-19,2023-10-18,1247,1247,0,[],[]
TTWO.OQ,2018-10-19,2023-10-18,1247,1247,0,[],[]
TXN.OQ,2018-10-19,2023-10-18,1247,1247,0,[],[]
TXT.N,2018-10-19,2023-10-18,1247,1247,0,[],[]
TYL.N,2018-10-19,2023-10-18,1247,1247,0,[],[]
UAL.OQ,2018-10-19,2023-10-18,1247,1247,0,[],[]
UDR.N,2018-10-19,2023-10-18,1247,1247,0,[],[]
UHS.N,2018-10-19,2023-10-18,1247,1247,0,[],[]
ULTA.OQ,2018-10-19,2023-10-18,1247,1247,0,[],[]
UNH.N,2018-10-19,2023-10-18,1247,1247,0,[],[]
UNP.N,2018-10-19,2023-10-18,1247,1247,0,[],[]
UPS.N,2018-10-19,2023-10-18,1247,1247,0,[],[]
URI.N,2018-10-19,2023-10-18,1247,1247,0,[],[]
USB.N,2018-10-19,2023-10-18,1247,1247,0,[],[]
V.N,2018-10-19,2023-10-18,1247,1247,0,[],[]
VFC.N,2018-10-19,2023-10-18,1247,1247,0,[],[]
VICI.N,2018-10-19,2023-10-18,1247,1247,0,[],[]
VLO.N,2018-10-19,2023-10-18,1247,1247,0,[],[]
VMC.N,2018-10-19,2023-10-18,1247,1247,0,[],[]
VRSK.OQ,2018-10-19,2023-10-18,1247,1247,0,[],[]
VRSN.OQ,2018-10-19,2023-10-18,1247,1247,0,[],[]
VRTX.OQ,2018-10-19,2023-10-18,1247,1247,0,[],[]
VTR.N,2018-10-19,2023-10-18,1247,1247,0,[],[]
VZ.N,2018-10-19,2023-10-18,1247,1247,0,[],[]
WAB.N,2018-10-19,2023-10-18,1247,1247,0,[],[]
WAT.N,2018-10-19,2023-10-18,1247,1247,0,[],[]
WBA.OQ,2018-10-19,2023-10-18,1247,1247,0,[],[]
WDC.OQ,2018-10-19,2023-10-18,1247,1247,0,[],[]
WEC.N,2018-10-19,2023-10-18,1247,1247,0,[],[]
WELL.N,2018-10-19,2023-10-18,1247,1247,0,[],[]
WFC.N,2018-10-19,2023-10-18,1247,1247,0,[],[]
WHR.N,2018-10-19,2023-10-18,1247,1247,0,[],[]
WM.N,2018-10-19,2023-10-18,1247,1247,0,[],[]
WMB.N,2018-10-19,2023-10-18,1247,1247,0,[],[]
WMT.N,2018-10-19,2023-10-18,1247,1247,0,[],[]
WRB.N,2018-10-19,2023-10-18,1247,1247,0,[],[]
WRK.N,2018-10-19,2023-10-18,1247,1247,0,[],[]
WST.N,2018-10-19,2023-10-18,1247,1247,0,[],[]
WTW.OQ,2018-10-19,2023-10-18,566,1247,681,"['2019-04-22', '2019-04-23', '2019-04-24', '2019-04-25', '2019-04-26']",[]
WY.N,2018-10-19,2023-10-18,1247,1247,0,[],[]
WYNN.OQ,2018-10-19,2023-10-18,1247,1247,0,[],[]
XEL.OQ,2018-10-19,2023-10-18,1247,1247,0,[],[]
XOM.N,2018-10-19,2023-10-18,1247,1247,0,[],[]
XRAY.OQ,2018-10-19,2023-10-18,1247,1247,0,[],[]
XYL.N,2018-10-19,2023-10-18,1247,1247,0,[],[]
YUM.N,2018-10-19,2023-10-18,1247,1247,0,[],[]
ZBH.N,2018-10-19,2023-10-18,1247,1247,0,[],[]
ZBRA.OQ,2018-10-19,2023-10-18,1247,1247,0,[],[]
ZION.OQ,2018-10-19,2023-10-18,1247,1247,0,[],[]
ZTS.N,2018-10-19,2023-10-18,1247,1247,0,[],[]
LIN.N,2018-10-31,2023-10-18,1239,1239,0,[],[]
REG.OQ,2018-11-13,2023-10-18,1230,1230,0,[],[]
TER.OQ,2018-11-27,2023-10-18,1222,1222,0,[],[]
CTRA.N,2018-12-03,2023-10-18,1026,1218,192,"['2019-02-08', '2019-02-22', '2019-02-27', '2019-03-18', '2019-03-27']",[]
MRNA.OQ,2018-12-07,2023-10-18,1215,1215,0,[],[]
LNT.OQ,2018-12-31,2023-10-18,1201,1201,0,[],[]
DOW.N,2019-04-02,2023-10-18,1138,1138,0,[],[]
CTVA.N,2019-06-03,2023-10-18,1096,1096,0,[],[]
DD.N,2019-06-03,2023-10-18,1096,1096,0,[],[]
AMCR.N,2019-06-11,2023-10-18,1090,1090,0,[],[]
LHX.N,2019-07-01,2023-10-18,1076,1076,0,[],[]
GL.N,2019-08-09,2023-10-18,1049,1049,0,[],[]
EXC.OQ,2019-09-25,2023-10-18,1017,1017,0,[],[]
PEAK.N,2019-11-05,2023-10-18,988,988,0,[],[]
TFC.N,2019-12-09,2023-10-18,966,966,0,[],[]
J.N,2019-12-10,2023-10-18,965,965,0,[],[]
TT.N,2020-03-02,2023-10-18,911,911,0,[],[]
HWM.N,2020-04-01,2023-10-18,889,889,0,[],[]
CARR.N,2020-04-03,2023-10-18,887,887,0,[],[]
OTIS.N,2020-04-03,2023-10-18,887,887,0,[],[]
RTX.N,2020-04-03,2023-10-18,887,887,0,[],[]
APA.OQ,2020-06-09,2023-10-18,842,842,0,[],[]
KDP.OQ,2020-09-21,2023-10-18,770,770,0,[],[]
AEP.OQ,2020-10-01,2023-10-18,762,762,0,[],[]
HST.OQ,2020-11-02,2023-10-18,740,740,0,[],[]
VTRS.OQ,2020-11-17,2023-10-18,729,729,0,[],[]
ABNB.OQ,2020-12-10,2023-10-18,714,714,0,[],[]
HON.OQ,2021-05-11,2023-10-18,612,612,0,[],[]
BBWI.N,2021-08-03,2023-10-18,554,554,0,[],[]
PANW.OQ,2021-10-25,2023-10-18,496,496,0,[],[]
BKR.OQ,2021-12-07,2023-10-18,467,467,0,[],[]
CEG.OQ,2022-02-02,2023-10-18,428,428,0,[],[]
PARA.OQ,2022-02-17,2023-10-18,417,417,0,[],[]
WBD.OQ,2022-04-11,2023-10-18,381,381,0,[],[]
BALL.N,2022-05-10,2023-10-18,361,361,0,[],[]
META.OQ,2022-06-09,2023-10-18,340,340,0,[],[]
ELV.N,2022-06-28,2023-10-18,328,328,0,[],[]
GEN.OQ,2022-11-08,2023-10-18,235,235,0,[],[]
EVRG.OQ,2022-12-28,2023-10-18,202,202,0,[],[]
GEHC.OQ,2023-01-04,2023-10-18,198,198,0,[],[]
KVUE.N,2023-05-04,2023-10-18,115,115,0,[],[]
RVTY.N,2023-05-16,2023-10-18,107,107,0,[],[]
ROP.OQ,2023-07-06,2023-10-18,74,74,0,[],[]
EG.N,2023-07-10,2023-10-18,72,72,0,[],[]
COO.OQ,2023-09-26,2023-10-18,17,17,0,[],[]
VLTO.N,2023-10-02,2023-10-18,13,13,0,[],[]
