Date,S1,S2,ref_Johansen intercept,colab_Johansen intercept,ref_Johansen slope,colab_Johansen slope,ref_W1,colab_W1,ref_W2,colab_W2
2018-10-24,ADM.N,FRT.N,4.558604984110594,-4.558604982941171,0.0,0.0,0.2575925138830784,-0.2575925151682922,0.7424074861169216,-0.7424074848317078
2018-10-24,AMT.N,SLB.N,4.496027674369479,-4.496027675709252,0.0,0.0,0.4867309853963704,-0.4867309866833998,0.5132690146036296,-0.5132690133166002
2018-10-24,AWK.N,CINF.OQ,-4.454914958571468,4.454914958845176,0.0,0.0,-0.7416875041605562,0.7416875053229465,-0.2583124958394439,0.2583124946770535
2018-10-24,BAC.N,REGN.OQ,-1.843483828403468,1.8434838222205616,0.0,0.0,-0.8439981894646659,0.8439981887919292,0.1560018105353341,-0.1560018112080707
2018-10-24,BIIB.OQ,DTE.N,5.196540556874293,-5.196540556874469,5.998426512993637e-05,-5.998426512991169e-05,0.4478429454583931,-0.4478429454585639,0.552157054541607,-0.552157054541436
2018-10-24,BIIB.OQ,DUK.N,-5.626738968454554,5.626738971023197,0.0,0.0,-0.9016991619571672,0.9016991639271268,-0.0983008380428327,0.0983008360728734
2018-10-24,BIO.N,ZBRA.OQ,5.28518547674911,-5.28518547674962,3.329577635468643e-05,-3.329577635468555e-05,0.3480924470525315,-0.3480924470535323,0.6519075529474684,-0.6519075529464676
2018-10-24,BLK.N,UPS.N,-5.593055150186778,5.593055150186945,-5.281806909652015e-05,5.28180690965182e-05,-0.7183754515658767,0.718375451566012,-0.2816245484341232,0.281624548433988
2018-10-24,BX.N,MPWR.OQ,1.3231014222112398,-1.3231014222665207,0.0,0.0,-0.4107256841618346,0.41072568415511,0.5892743158381655,-0.5892743158448901
2018-10-24,CAT.N,IT.N,-4.98509132720983,-4.9850913283299,0.0,0.0,-0.0026496701003652,-0.0026496653457624,-0.9973503298996348,-0.9973503346542376
2018-10-24,CAT.N,TMUS.OQ,0.1294340982752183,-0.1294340997513323,0.0,0.0,0.484148072220427,-0.4841480723852739,-0.515851927779573,0.5158519276147261
2018-10-24,CAT.N,ZBRA.OQ,5.073308787563953,-5.07330878739219,0.0,0.0,0.1038089671579656,-0.1038089676358336,0.8961910328420345,-0.8961910323641664
2018-10-24,COF.N,NFLX.OQ,-0.5786678535067923,0.5786678535077715,7.131238436088242e-05,-7.131238436087686e-05,0.50774856548376,-0.5077485654836644,-0.4922514345162401,0.4922514345163355
2018-10-24,CPRT.OQ,WYNN.OQ,-4.390034453148022,4.390034452988254,0.0,0.0,-0.2949908699762375,0.2949908701902731,-0.7050091300237625,0.705009129809727
2018-10-24,ED.N,FRT.N,2.485463556417907,-2.485463541847277,0.0,0.0,-0.2523114409970902,0.2523114425900531,0.7476885590029098,-0.7476885574099468
2018-10-24,ED.N,SLB.N,4.162836674725195,-4.16283667539132,0.0,0.0,0.4715701274769375,-0.4715701292419595,0.5284298725230625,-0.5284298707580405
2018-10-24,EFX.N,IRM.N,-0.5039145200998717,0.5039145201005883,6.258990233075259e-05,-6.258990233074918e-05,-0.481837751547854,0.4818377515479409,0.518162248452146,-0.5181622484520592
2018-10-24,ENPH.OQ,LH.N,-1.7955323417377105,1.79553234173784,-7.339136259411518e-05,7.339136259410848e-05,0.498080783663427,-0.4980807836634073,-0.501919216336573,0.5019192163365926
2018-10-24,EPAM.N,O.N,-4.487860272349277,4.487860272219113,0.0,0.0,-0.5906346367352747,0.5906346365466354,-0.4093653632647253,0.4093653634533647
2018-10-24,EPAM.N,XEL.OQ,4.452204670661775,-4.452204670616241,0.0,0.0,0.6308046313857598,-0.6308046313303893,0.3691953686142402,-0.3691953686696107
2018-10-24,FE.N,LDOS.N,-3.984706939110053,3.9847069389886727,0.0,0.0,-0.3777213564955624,0.377721356721203,-0.6222786435044376,0.6222786432787969
2018-10-24,FOXA.OQ,RCL.N,2.014523979257493,-2.0145239782492874,0.0,0.0,0.7889664879643091,-0.7889664878456865,-0.2110335120356908,0.2110335121543135
2018-10-24,FRT.N,NI.N,-3.2756767973970744,3.2756767973290093,0.0,0.0,-0.8113676056092597,0.8113676056010426,0.1886323943907403,-0.1886323943989573
2018-10-24,GNRC.N,MPWR.OQ,0.7062700076908851,-0.7062700076910831,-8.756254328441573e-05,8.75625432844182e-05,-0.4616114383890825,0.4616114383890597,0.5383885616109174,-0.5383885616109403
2018-10-24,MCK.N,PCG.N,4.298244550068691,-4.29824455717187,0.0,0.0,0.4543167435985599,-0.4543167510764779,0.5456832564014401,-0.5456832489235222
2018-10-24,MGM.N,WAT.N,-5.0031429448429545,5.003142944842284,4.3437451215945214e-05,-4.343745121595631e-05,-0.1010889562843594,0.1010889562846964,-0.8989110437156406,0.8989110437153035
2018-10-24,MPC.N,PCG.N,-3.9490217229072,3.949021723646056,0.0,0.0,-0.2318057381815849,0.2318057402569813,-0.7681942618184151,0.7681942597430186
2018-10-24,MPC.N,VTR.N,3.9387923064869934,-3.938792382624932,0.0,0.0,0.9658794189359512,-0.9658794281561872,-0.0341205810640488,0.0341205718438129
2018-10-24,NCLH.N,WAT.N,-4.168079430848945,4.168079433321586,0.0,0.0,0.114024530955311,-0.1140245306811757,-0.8859754690446889,0.8859754693188242
2018-10-24,PNW.N,WYNN.OQ,4.581537218673659,-4.581537218705487,0.0,0.0,0.1730440351132109,-0.1730440349051762,0.8269559648867891,-0.8269559650948238
2018-10-24,POOL.OQ,XRAY.OQ,-2.231524650562962,2.231524650562021,-6.265401071753599e-05,6.265401071754843e-05,-0.6818974195296937,0.6818974195295837,0.3181025804703064,-0.3181025804704163
2018-10-24,PYPL.OQ,RCL.N,3.3315318960501275,-3.331531897171196,0.0,0.0,0.8774168053321185,-0.8774168054547027,-0.1225831946678815,0.1225831945452973
2018-10-24,REGN.OQ,UPS.N,-5.036091435099161,5.036091434384435,0.0,0.0,-0.2740455879453815,0.2740455873512761,-0.7259544120546185,0.7259544126487238
2018-10-24,WEC.N,WYNN.OQ,4.55200534709258,-4.552005346968571,0.0,0.0,0.1664723336813063,-0.1664723340469533,0.8335276663186936,-0.8335276659530466
2018-10-24,WYNN.OQ,ZBRA.OQ,-2.4980271475624787,2.498027147563162,-2.923700214747333e-05,2.9237002147478333e-05,0.2684283551282204,-0.26842835512815,-0.7315716448717797,0.7315716448718501
2018-10-25,A.N,UDR.N,4.104933050170185,4.10493301646174,0.0,0.0,0.9972216979392092,0.9972216936194458,-0.0027783020607907,-0.0027783063805542
2018-10-25,AAPL.OQ,CAH.N,-3.684277139845855,3.684277122749082,0.0,0.0,-0.8168529884830353,0.8168529866497295,0.1831470115169647,-0.1831470133502705
2018-10-25,AAPL.OQ,WBA.OQ,3.955659005650544,-3.955659005647704,1.2239040156261592e-05,-1.2239040156255038e-05,0.8523748353598153,-0.852374835359523,-0.1476251646401847,0.1476251646404771
2018-10-25,ADI.OQ,CFG.N,-0.3876041583604381,0.3876041583606162,2.7208032855780933e-05,-2.7208032855781936e-05,-0.498409737337452,0.4984097373374743,0.501590262662548,-0.5015902626625257
2018-10-25,ADI.OQ,DHI.N,-4.308150664687162,4.3081506646870205,1.2701622440176843e-05,-1.2701622440171144e-05,-0.9184647605222688,0.9184647605220946,-0.0815352394777313,0.0815352394779054
2018-10-25,ADI.OQ,JCI.N,-0.7645616970511294,0.7645616970516053,3.420540442789624e-05,-3.4205404427892246e-05,-0.539351518380298,0.5393515183803588,0.4606484816197019,-0.4606484816196413
2018-10-25,ADI.OQ,STT.N,2.593156339363929,-2.59315633935598,-1.470188857792982e-05,1.4701888577919897e-05,0.7926957560832412,-0.792695756082316,-0.2073042439167588,0.207304243917684
2018-10-25,ADI.OQ,TXT.N,-1.7479839255890206,1.747983925588321,2.147511459810628e-05,-2.1475114598102143e-05,-0.685650440113954,0.6856504401138706,0.314349559886046,-0.3143495598861295
2018-10-25,ADM.N,NDAQ.OQ,-4.337745525406049,4.337745525406528,-8.020320052704856e-05,8.0203200527093e-05,-0.1109349252019918,0.1109349252010861,-0.8890650747980081,0.8890650747989138
2018-10-25,ADSK.OQ,PSX.N,-4.648187047177741,4.6481870471777285,-4.245397386225865e-05,4.245397386225257e-05,-0.2561122596418869,0.2561122596418476,-0.7438877403581131,0.7438877403581524
2018-10-25,ADSK.OQ,TROW.OQ,-3.8193169615455913,3.8193169615474,-8.287572387634963e-05,8.287572387637526e-05,0.0772544903814823,-0.0772544903812896,-0.9227455096185176,0.9227455096187104
2018-10-25,AFL.N,CAG.N,-2.4635843015393704,2.4635843015383925,5.786464182202361e-05,-5.786464182200967e-05,0.1552288476518206,-0.1552288476519537,-0.8447711523481793,0.8447711523480463
2018-10-25,AFL.N,NXPI.OQ,-1.2407783032719215,1.240778303271599,-3.933071601857098e-05,3.9330716018563184e-05,0.3785659661528466,-0.3785659661528868,-0.6214340338471535,0.6214340338471132
2018-10-25,AFL.N,PG.N,4.444071412414597,-4.444071412416349,1.0434134344817325e-05,-1.043413434481812e-05,-0.0045434392773267,0.0045434392771137,0.9954565607226732,-0.9954565607228864
2018-10-25,APTV.N,DIS.N,4.725591571427021,4.725591550224823,0.0,0.0,-0.0007419117684823,-0.0007419141169822,0.9992580882315176,0.9992580858830178
2018-10-25,AVB.N,FSLR.OQ,-4.804637578596611,4.804637578598022,-8.598083853104903e-06,8.59808385311495e-06,-0.958751468324718,0.9587514683248768,0.0412485316752819,-0.0412485316751233
2018-10-25,AVB.N,MET.N,-4.187442124999098,4.187442124999535,-3.812703934080084e-05,3.812703934079133e-05,-0.3275147922435334,0.3275147922438324,-0.6724852077564665,0.6724852077561675
2018-10-25,AVB.N,WMB.N,-0.1824443034670183,0.1824443034686753,5.621098805146755e-05,-5.621098805148039e-05,0.3625516943054674,-0.3625516943052701,-0.6374483056945327,0.6374483056947299
2018-10-25,AVGO.OQ,REGN.OQ,1.9329119389917888,-1.9329119389954783,4.098921429642293e-05,-4.098921429641357e-05,0.6917906882544073,-0.6917906882547356,-0.3082093117455927,0.3082093117452644
2018-10-25,BAX.N,FOXA.OQ,-0.2999872183200975,0.2999872183193783,2.279378411708218e-05,-2.279378411708414e-05,0.437562181523092,-0.4375621815231816,-0.562437818476908,0.5624378184768184
2018-10-25,BAX.N,PLD.N,-1.0421000655953223,1.0421000655967698,-5.808137892954755e-05,5.808137892955871e-05,0.3728795517459506,-0.3728795517457782,-0.6271204482540493,0.6271204482542218
2018-10-25,BK.N,HSIC.OQ,-3.844242169183643,3.844242169183708,-3.6794857072002535e-05,3.679485707200164e-05,-0.9648560304271688,0.9648560304270534,-0.0351439695728312,0.0351439695729465
2018-10-25,BKNG.OQ,JCI.N,-6.573232994525938,6.5732329945297145,-5.176599057034914e-05,5.176599057034315e-05,-0.7736074099657267,0.773607409966665,-0.2263925900342732,0.226392590033335
2018-10-25,BMY.N,IR.N,4.413377165794364,-4.413377166070116,0.0,0.0,0.2169248702586078,-0.2169248697550184,0.7830751297413922,-0.7830751302449815
2018-10-25,BSX.N,FRT.N,-4.240760812878549,4.240760812878976,-4.450438314112486e-05,4.450438314113085e-05,-0.4577493009949361,0.457749300994591,-0.5422506990050638,0.542250699005409
2018-10-25,BSX.N,VLO.N,-4.141172617974394,4.141172617973771,7.129567171818399e-05,-7.129567171805733e-05,-0.3768609557868705,0.3768609557875625,-0.6231390442131296,0.6231390442124374
2018-10-25,CBOE.Z,CVX.N,-4.662677591165704,-4.662677590929907,0.0,0.0,-0.9992727225056286,-0.9992727272124377,-0.0007272774943714,-0.0007272727875624
2018-10-25,CBOE.Z,HII.N,-4.662086772988602,-4.6620867514843365,0.0,0.0,-0.9999394122235118,-0.9999394100866688,6.058777648818094e-05,6.058991333115456e-05
2018-10-25,CCL.N,DLTR.OQ,-0.0185844730500787,0.0185844730502012,2.7640778424075723e-05,-2.764077842407609e-05,0.5222828755962953,-0.5222828755962808,-0.4777171244037047,0.4777171244037192
2018-10-25,CF.N,INTC.OQ,1.8153295963658789,-1.815329596365617,5.877688234833354e-05,-5.87768823483352e-05,-0.2583788334020609,0.2583788334020953,0.7416211665979391,-0.7416211665979047
2018-10-25,CF.N,STT.N,-2.441224325646,2.441224325646817,7.310704442256707e-06,-7.31070444225105e-06,0.2214048470366866,-0.2214048470365843,-0.7785951529633134,0.7785951529634157
2018-10-25,CFG.N,CSCO.OQ,3.611940993680456,-3.611940993680757,3.068525342060793e-05,-3.068525342066469e-05,0.8381495166536359,-0.8381495166523457,0.1618504833463641,-0.1618504833476543
2018-10-25,CFG.N,NXPI.OQ,-4.146651543130289,4.146651543130735,-5.230398429810832e-05,5.230398429812831e-05,-0.1921944243359298,0.1921944243352988,-0.8078055756640702,0.8078055756647012
2018-10-25,CFG.N,SCHW.N,-0.2401002046383794,0.2401002046391116,-1.3459490157925286e-05,1.3459490157931709e-05,-0.5454274899418513,0.5454274899419511,0.4545725100581487,-0.4545725100580488
2018-10-25,CL.N,CPRT.OQ,-1.2773363166902048,1.2773363166897689,5.28115357440373e-05,-5.281153574403566e-05,-0.6397600201360767,0.6397600201360223,0.3602399798639233,-0.3602399798639777
2018-10-25,CL.N,DLR.N,-1.70165281319216,1.701652813188813,-4.495338699152939e-05,4.495338699152881e-05,0.3416846002569186,-0.341684600257294,-0.6583153997430815,0.6583153997427059
2018-10-25,CL.N,MET.N,0.4097730413901136,-0.4097730413901679,4.636420131352573e-05,-4.63642013135268e-05,-0.4187627334838246,0.4187627334838176,0.5812372665161755,-0.5812372665161823
2018-10-25,CL.N,PHM.N,0.1106845321439047,-0.1106845321395702,-5.328045114697113e-05,5.328045114698704e-05,0.4446821681862681,-0.4446821681856748,-0.5553178318137318,0.5553178318143251
2018-10-25,CME.OQ,PG.N,-4.570333156273753,4.570333155794966,0.0,0.0,-0.1249066255112924,0.1249066248223658,-0.8750933744887076,0.8750933751776342
2018-10-25,CNC.N,KIM.N,1.4834185881264583,-1.4834185881278694,-5.693756825245613e-05,5.693756825242183e-05,0.5549436871833786,-0.5549436871835642,-0.4450563128166213,0.4450563128164357
2018-10-25,CNC.N,MAR.OQ,-3.880189454973741,3.880189454958164,-1.0461143760213454e-05,1.0461143760097024e-05,0.0854579041592682,-0.0854579041608972,-0.9145420958407318,0.9145420958391028
2018-10-25,CPRT.OQ,LULU.OQ,1.4306171339710998,-1.43061713397196,5.138064390332504e-05,-5.138064390332799e-05,0.7237243829560506,-0.7237243829561485,-0.2762756170439495,0.2762756170438515
2018-10-25,CPRT.OQ,NRG.N,-3.775114606819314,3.775114606819258,-5.753355133903574e-05,5.753355133902265e-05,-0.7060895747594347,0.7060895747592072,-0.2939104252405654,0.2939104252407928
2018-10-25,CPRT.OQ,TJX.N,0.996329577552918,-0.996329577554133,5.6252807994072185e-05,-5.625280799407173e-05,0.6647451423501237,-0.664745142350266,-0.3352548576498763,0.3352548576497339
2018-10-25,CTLT.N,HD.N,-1.3503940038610318,1.350394003866237,-1.3246222945260575e-05,1.3246222945253963e-05,0.4331837948492876,-0.4331837948487001,-0.5668162051507124,0.5668162051512999
2018-10-25,CVS.N,POOL.OQ,-4.259530347504684,-4.259530345999803,0.0,0.0,-0.99892023516495,-0.9989202373035028,-0.0010797648350502,-0.0010797626964974
2018-10-25,CVS.N,TROW.OQ,-1.0564527334174207,1.0564527334179663,3.799953793163935e-05,-3.79995379316377e-05,-0.6362121730477177,0.6362121730477797,0.3637878269522823,-0.3637878269522203
2018-10-25,CZR.OQ,FTV.N,4.186244769561797,-4.186244769562118,3.562291584387024e-05,-3.562291584388172e-05,0.0609485229833418,-0.0609485229831928,0.939051477016658,-0.9390514770168072
2018-10-25,CZR.OQ,HLT.N,2.7276478754358804,-2.7276478754348314,2.709381911338169e-06,-2.7093819113522924e-06,-0.2328260568694902,0.232826056869655,0.7671739431305098,-0.767173943130345
2018-10-25,CZR.OQ,ITW.N,-4.787619497746013,4.78761949774655,-5.747489302751804e-05,5.7474893027535945e-05,-0.0034526582456702,0.0034526582454653,-0.9965473417543296,0.9965473417545346
2018-10-25,DFS.N,HAL.N,-4.097400917728347,4.09740091772833,-1.989370436166268e-05,1.989370436166281e-05,-0.7409575480094136,0.7409575480093871,-0.2590424519905863,0.2590424519906129
2018-10-25,DHI.N,PG.N,3.3703393279549405,-3.3703393279618985,7.630507808946314e-06,-7.630507808969182e-06,-0.1380196107723703,0.1380196107715057,0.8619803892276297,-0.8619803892284943
2018-10-25,DLTR.OQ,SPG.N,-4.496932052351807,4.496932052350186,-6.653111825866582e-06,6.653111825511744e-06,-0.9024460662256708,0.9024460662278572,-0.0975539337743291,0.0975539337721429
2018-10-25,DTE.N,FSLR.OQ,4.346109487379579,-4.3461094873797474,3.037243611934952e-06,-3.037243611928132e-06,0.5966674438082431,-0.5966674438084115,0.403332556191757,-0.4033325561915885
2018-10-25,DVN.N,NRG.N,1.0940893959759264,-1.09408939597618,-1.2962254263158509e-05,1.2962254263155183e-05,-0.3519186057733107,0.3519186057732749,0.6480813942266893,-0.6480813942267252
2018-10-25,DXCM.OQ,PG.N,3.449097686801826,-3.449097686800806,-6.024160683363094e-06,6.024160683380095e-06,-0.1110723667540084,0.1110723667541179,0.8889276332459914,-0.888927633245882
2018-10-25,DXCM.OQ,WTW.OQ,-4.2784526494973525,4.278452649497547,-9.247374348038944e-05,9.247374348040508e-05,-0.1735288985566123,0.1735288985569086,-0.8264711014433878,0.8264711014430913
2018-10-25,EBAY.OQ,FTV.N,1.5102209293050033,-1.5102209293048634,2.5282406370391757e-05,-2.5282406370389558e-05,-0.3670850888639336,0.3670850888639519,0.6329149111360665,-0.6329149111360481
2018-10-25,EBAY.OQ,REGN.OQ,-1.2512691784436851,1.251269178444214,3.5773343211517804e-05,-3.577334321152082e-05,0.5004678472601443,-0.5004678472600866,-0.4995321527398557,0.4995321527399133
2018-10-25,EIX.N,SNA.N,-4.332537282258437,4.332537282258439,9.66512433319754e-06,-9.665124333216972e-06,-0.8841616567481987,0.8841616567481981,-0.1158383432518013,0.1158383432518019
2018-10-25,EQIX.OQ,FRT.N,-5.175455037267727,5.175455033691665,0.0,0.0,-0.3032222122619853,0.3032222093151113,-0.6967777877380147,0.6967777906848888
2018-10-25,EQR.N,JCI.N,-3.9403668233730023,3.940366823373334,-3.655258046138182e-05,3.655258046136886e-05,-0.6667655866593454,0.6667655866598063,-0.3332344133406547,0.3332344133401937
2018-10-25,FAST.OQ,FSLR.OQ,-3.836601322055284,3.8366013220541273,3.1693329578016106e-05,-3.169332957802028e-05,-0.9918225127156002,0.9918225127154487,0.0081774872843998,-0.0081774872845512
2018-10-25,FAST.OQ,OMC.N,-2.428333008925463,2.4283330089269985,2.3487492281523817e-05,-2.3487492281531813e-05,-0.8199334432384486,0.8199334432386368,0.1800665567615513,-0.1800665567613631
2018-10-25,FOX.OQ,STT.N,-0.856243649517804,0.8562436495181146,1.5469882441152655e-05,-1.5469882441149257e-05,-0.6323874442667302,0.6323874442667691,0.3676125557332698,-0.367612555733231
2018-10-25,FOXA.OQ,UDR.N,-1.3559295902371642,1.3559295902434585,-3.3593835203331105e-05,3.35938352033507e-05,0.3095824586028061,-0.3095824586019653,-0.6904175413971939,0.6904175413980346
2018-10-25,FRT.N,MAR.OQ,-4.751139696006438,4.751139696006339,-4.048808777701932e-05,4.048808777700322e-05,-0.5220778381641464,0.5220778381632526,-0.4779221618358535,0.4779221618367473
2018-10-25,FRT.N,TJX.N,1.0851345000928614,-1.0851345000924884,4.532269870934515e-05,-4.532269870934506e-05,0.6078441689535876,-0.6078441689535483,-0.3921558310464124,0.3921558310464517
2018-10-25,FSLR.OQ,LVS.N,3.934581203491815,-3.934581203491774,-2.9358188847335528e-05,2.9358188847316907e-05,0.174991477499296,-0.1749914774994855,0.825008522500704,-0.8250085225005146
2018-10-25,FTNT.OQ,VLO.N,-4.476568646644072,4.476568646644092,0.0001270224790678,-0.0001270224790678,-0.0637126504247818,0.0637126504245495,-0.9362873495752182,0.9362873495754503
2018-10-25,FTV.N,ROST.OQ,-4.321333461734026,-4.321333462366699,0.0,0.0,-0.9997679718775913,-0.9997679693230423,-0.0002320281224089,-0.0002320306769575
2018-10-25,FTV.N,SJM.N,0.7108974088680602,-0.7108974088690658,2.3217432200707184e-05,-2.3217432200708976e-05,0.5987773785470258,-0.5987773785471376,-0.4012226214529742,0.4012226214528623
2018-10-25,GIS.N,STX.OQ,-0.0804206867196477,0.0804206867167907,-5.802018734552092e-05,5.8020187345512574e-05,0.485833711169326,-0.485833711169705,-0.514166288830674,0.514166288830295
2018-10-25,GWW.N,HD.N,-2.0267078871963085,2.0267078871964244,1.95465131469398e-05,-1.954651314693631e-05,-0.66808489333472,0.6680848933347305,0.33191510666528,-0.3319151066652695
2018-10-25,GWW.N,SCHW.N,-3.494998821033056,3.4949988210317526,2.213925862161672e-05,-2.213925862161281e-05,-0.7741799292593308,0.7741799292591917,0.2258200707406693,-0.2258200707408083
2018-10-25,HAL.N,ITW.N,-3.417792774806833,3.417792774808084,-4.515813830245495e-05,4.5158138302464096e-05,0.1651485317951597,-0.1651485317950095,-0.8348514682048404,0.8348514682049906
2018-10-25,HD.N,VLO.N,-4.892302378328476,4.8923023783171455,-2.1800225634401772e-05,2.1800225634533885e-05,-0.9694913710712196,0.9694913710700478,0.0305086289287802,-0.0305086289299522
2018-10-25,HD.N,WDC.OQ,0.4936667269211372,-0.4936667269256991,9.05835344161174e-05,-9.058353441620292e-05,-0.3795442940199305,0.3795442940194323,0.6204557059800695,-0.6204557059805677
2018-10-25,HLT.N,PXD.N,-4.420823968196386,4.420823968196111,8.620416024738446e-06,-8.6204160247406e-06,-0.7443279125495144,0.7443279125498481,-0.2556720874504857,0.2556720874501519
2018-10-25,ITW.N,MCD.N,2.9462599935787046,-2.946259993576924,3.895708730769219e-05,-3.8957087307681565e-05,0.814421900846697,-0.8144219008465188,-0.185578099153303,0.1855780991534813
2018-10-25,IVZ.N,WAT.N,1.660615801556657,-1.6606158015606418,-6.998511817867349e-06,6.998511817784794e-06,-0.4285917642210367,0.4285917642205535,0.5714082357789633,-0.5714082357794464
2018-10-25,JCI.N,PYPL.OQ,-3.961656421945113,3.961656421945378,-5.634776848241374e-05,5.634776848241491e-05,-0.4891903596533027,0.4891903596530296,-0.5108096403466972,0.5108096403469703
2018-10-25,JPM.N,LH.N,-0.5956601079816297,0.5956601079801442,-5.157829337698232e-05,5.1578293376984605e-05,-0.5825089349485558,0.582508934948403,0.4174910650514441,-0.417491065051597
2018-10-25,KMI.N,SNA.N,4.497470402017357,-4.497470402018559,6.222651818315974e-05,-6.222651818315968e-05,-0.0634992508266081,0.0634992508264529,0.936500749173392,-0.9365007491735472
2018-10-25,LH.N,RF.N,-0.4212991654043688,0.4212991654036898,-9.335253565370096e-05,9.335253565369708e-05,0.2989614255380303,-0.2989614255381171,-0.7010385744619696,0.7010385744618829
2018-10-25,LULU.OQ,UAL.OQ,2.4624768120114595,-2.462476812011582,6.591367456532881e-05,-6.591367456533036e-05,-0.2108369969155475,0.2108369969155343,0.7891630030844525,-0.7891630030844656
2018-10-25,LVS.N,PXD.N,4.905016370272956,-4.905016370270634,-2.1583192926635377e-05,2.1583192926677434e-05,0.1238699393497677,-0.1238699393519501,0.8761300606502322,-0.8761300606480498
2018-10-25,LVS.N,RMD.N,4.567857132743661,-4.56785713274348,-3.508092501353006e-06,3.508092501361805e-06,0.0266178461611238,-0.0266178461614233,0.9733821538388762,-0.9733821538385766
2018-10-25,LVS.N,SCHW.N,-2.376078210804611,2.3760782108127607,2.8568509313863712e-05,-2.856850931388928e-05,-0.7934707155334865,0.7934707155345402,0.2065292844665135,-0.2065292844654598
2018-10-25,LVS.N,UDR.N,-3.381527089764974,3.3815270897663883,-4.103774134436287e-05,4.103774134436552e-05,0.0382143452402652,-0.0382143452400802,-0.9617856547597348,0.9617856547599196
2018-10-25,MAR.OQ,REGN.OQ,1.151552398681368,-1.1515523986840552,4.632297623792162e-05,-4.632297623790712e-05,0.6636417140999152,-0.6636417141001701,-0.3363582859000847,0.3363582858998298
2018-10-25,MAR.OQ,UDR.N,3.976033457703653,-3.976033457703824,3.737345105124101e-05,-3.7373451051239845e-05,0.2955285195818765,-0.2955285195820444,0.7044714804181235,-0.7044714804179556
2018-10-25,MKTX.OQ,SNA.N,5.102009479595165,-5.102009479595218,2.70676401071777e-05,-2.7067640107192237e-05,0.3075887738934937,-0.3075887738936517,0.6924112261065062,-0.6924112261063483
2018-10-25,MOS.N,PLD.N,-3.920110828295787,3.9201108282945576,-8.406059377104522e-05,8.406059377103521e-05,0.0330528347789793,-0.0330528347791417,-0.9669471652210206,0.9669471652208582
2018-10-25,MPC.N,TJX.N,0.8715777205602621,-0.8715777205617834,-4.255427262743845e-05,4.255427262743648e-05,-0.4264475431977333,0.4264475431975627,0.5735524568022667,-0.5735524568024373
2018-10-25,NEE.N,SYF.N,4.110940225167495,-4.110940225167653,2.917317468298233e-05,-2.917317468297216e-05,0.421047897648006,-0.4210478976480931,0.578952102351994,-0.578952102351907
2018-10-25,NFLX.OQ,WELL.N,3.751642613256004,-3.7516426132552665,2.035074370574396e-05,-2.0350743705741864e-05,-0.0436280178738119,0.0436280178738862,0.956371982126188,-0.9563719821261136
2018-10-25,NTRS.OQ,TGT.N,0.340858104636445,-0.3408581046356456,-1.4116738780949645e-05,1.4116738780950902e-05,-0.4582933382643716,0.4582933382644611,0.5417066617356284,-0.5417066617355389
2018-10-25,OMC.N,VTR.N,2.600906703759438,-2.600906703756422,-1.4635927239711942e-05,1.4635927239721033e-05,0.7991114496752021,-0.7991114496748387,-0.2008885503247979,0.2008885503251612
2018-10-25,PAYX.OQ,TXT.N,1.1068597612860869,-1.1068597612882485,2.7701589049817527e-05,-2.7701589049833773e-05,0.6243259899393108,-0.624325989939576,-0.3756740100606892,0.3756740100604239
2018-10-25,PAYX.OQ,WTW.OQ,-4.167260842106072,4.167260842106069,-6.756704892823366e-05,6.756704892823023e-05,-0.5357154620903413,0.535715462090395,-0.4642845379096588,0.464284537909605
2018-10-25,REGN.OQ,TPR.N,0.8684893382319857,-0.8684893382312998,2.8029539371490223e-05,-2.802953937149334e-05,-0.2989495528005882,0.29894955280066,0.7010504471994117,-0.7010504471993401
2018-10-25,ROK.N,WELL.N,4.428530720545814,-4.428530720545785,1.3354668821174758e-05,-1.3354668821170263e-05,0.2781250931368024,-0.2781250931367662,0.7218749068631976,-0.7218749068632339
2018-10-25,STT.N,TMUS.OQ,-2.571130499994001,2.571130499990385,7.542585502519057e-05,-7.542585502515699e-05,0.1929025733775908,-0.1929025733780211,-0.8070974266224092,0.8070974266219789
2018-10-25,TPR.N,VLO.N,-4.021734497119827,4.021734497120091,4.2170948470345216e-05,-4.217094847039425e-05,-0.6118615128182666,0.6118615128179177,-0.3881384871817334,0.3881384871820824
2018-10-25,TSLA.OQ,WBA.OQ,-4.883993943035646,4.883993943035619,-0.0001009828360172,0.0001009828360172,-0.4033409841384368,0.4033409841384161,-0.5966590158615631,0.596659015861584
2018-10-25,WELL.N,WM.N,-4.339218058303556,4.339218058303576,9.124984632661544e-05,-9.124984632662958e-05,-0.4179792876847144,0.4179792876846471,-0.5820207123152856,0.582020712315353
2018-10-26,ADSK.OQ,MDT.N,-1.848774127266652,1.8487741272663127,-1.9298392229412968e-05,1.92983922294244e-05,0.2837895505129048,-0.2837895505129411,-0.7162104494870952,0.716210449487059
2018-10-26,ALL.N,MAR.OQ,3.1306721116868026,-3.130672111356966,0.0,0.0,0.849111625112309,-0.8491116250752668,-0.150888374887691,0.1508883749247332
2018-10-26,ALL.N,MMM.N,-1.933759861926949,1.9337598619289136,-4.017591144010251e-05,4.0175911440108256e-05,0.336672738128264,-0.3366727381280622,-0.663327261871736,0.6633272618719378
2018-10-26,AMD.OQ,CB.N,3.3446799836678065,-3.3446799836679872,0.0001348920251597,-0.0001348920251597,-0.1888774826486024,0.1888774826485787,0.8111225173513976,-0.8111225173514214
2018-10-26,AMP.N,KIM.N,-0.1119336128903249,0.1119336128895882,1.559776327901083e-05,-1.5597763279010742e-05,0.3494127580493496,-0.349412758049447,-0.6505872419506504,0.650587241950553
2018-10-26,AMZN.OQ,NCLH.N,-4.848256931653484,4.848256931654222,-0.0001214344406748,0.0001214344406748,-0.2971534396560509,0.2971534396562551,-0.7028465603439491,0.7028465603437448
2018-10-26,AMZN.OQ,PHM.N,5.429331921720907,-5.429331922640989,0.0,0.0,0.8132474128562652,-0.8132474129436307,-0.1867525871437348,0.1867525870563693
2018-10-26,ANET.N,NVDA.OQ,1.4978755854382368,-1.497875585438195,-4.846665753069842e-05,4.84666575307046e-05,0.6348412560521874,-0.6348412560521832,-0.3651587439478125,0.3651587439478167
2018-10-26,BK.N,PNR.N,0.154104852256873,-0.1541048522561852,9.181717121454782e-05,-9.181717121452726e-05,-0.4677708193039249,0.467770819304017,0.5322291806960752,-0.532229180695983
2018-10-26,BK.N,WRK.N,-1.5832228292989083,1.5832228292981134,3.464993193538993e-05,-3.464993193542244e-05,-0.7026298636266739,0.7026298636265679,0.2973701363733261,-0.297370136373432
2018-10-26,BKNG.OQ,VFC.N,1.5054604019110107,-1.505460401911536,-3.407378833525191e-05,3.407378833524358e-05,0.4951747151515646,-0.495174715151609,-0.5048252848484354,0.504825284848391
2018-10-26,CBOE.Z,PYPL.OQ,4.603712387618552,-4.6037123876185255,4.014318741193417e-05,-4.014318741195386e-05,0.734309169433552,-0.7343091694334527,0.265690830566448,-0.2656908305665473
2018-10-26,DTE.N,XYL.N,-4.639573651751863,4.639573651751849,2.7093129801695427e-05,-2.709312980168959e-05,-0.8238018768998142,0.8238018768997886,-0.1761981231001857,0.1761981231002115
2018-10-26,EFX.N,V.N,-4.350473754847408,4.350473754845774,-5.863840042875662e-05,5.863840042872152e-05,-0.9764669906369786,0.9764669906368064,0.0235330093630213,-0.0235330093631935
2018-10-26,EW.N,PNR.N,0.0920509067037441,-0.0920509051508024,0.0,0.0,-0.4152596131511256,0.4152596133316368,0.5847403868488744,-0.5847403866683633
2018-10-26,FTNT.OQ,MMM.N,3.7091814136575705,-3.7091814136582952,4.8044388139842914e-05,-4.804438813984453e-05,-0.1568297261859934,0.1568297261859179,0.8431702738140066,-0.843170273814082
2018-10-26,INVH.N,SPGI.N,-3.4025714316865487,3.4025714316880418,-0.0001126719344982,0.0001126719344985,-0.8399450119651667,0.839945011964429,-0.1600549880348333,0.160054988035571
2018-10-26,IVZ.N,MET.N,1.9879488117970672,-1.9879488117961,3.728074351066571e-05,-3.728074351063694e-05,-0.2514042860338509,0.2514042860339943,0.7485957139661491,-0.7485957139660057
2018-10-26,KIM.N,WHR.N,1.4804554822758111,-1.4804554822759266,-9.819741694846804e-05,9.819741694845276e-05,0.8270173235327435,-0.8270173235327591,-0.1729826764672565,0.1729826764672408
2018-10-26,ORLY.OQ,PNW.N,0.3255032007501423,-0.325503200752088,7.070044670033004e-05,-7.070044670032258e-05,0.4657416339826128,-0.4657416339828035,-0.5342583660173872,0.5342583660171966
2018-10-26,PFE.N,PNR.N,0.3549715281778507,-0.3549715281787434,-0.0001057159704073,0.0001057159704073,0.5404422677423946,-0.5404422677425151,-0.4595577322576054,0.4595577322574848
2018-10-26,RJF.N,WST.N,1.1924374775328883,-1.192437477532768,4.687996922514766e-05,-4.687996922515335e-05,-0.3838247567199629,0.3838247567199764,0.616175243280037,-0.6161752432800236
2022-04-25,ADP.OQ,SNA.N,-0.9001113179774045,0.9001113179712321,-4.4502288928832325e-05,4.450228892878339e-05,0.4149805667289977,-0.4149805667295703,-0.5850194332710024,0.5850194332704297
2022-04-25,AES.N,PEG.N,-4.272018006862466,-4.272018030805492,0.0,0.0,0.0021469121499806,0.0021469089047191,-0.9978530878500194,-0.9978530910952808
2022-04-25,AES.N,SPG.N,-4.823259630803151,-4.8232596380899375,0.0,0.0,-0.0002581692501142,-0.000258165045669,-0.9997418307498857,-0.999741834954331
2022-04-25,AFL.N,KDP.OQ,-1.8173705781576253,1.817370578156887,-2.2518050128843486e-05,2.251805012884848e-05,0.2314100267307524,-0.2314100267308481,-0.7685899732692475,0.7685899732691519
2022-04-25,AJG.N,BFb.N,-0.8858708202762868,0.8858708202768921,1.6512268212160706e-05,-1.651226821216275e-05,0.3534591556481211,-0.3534591556480564,-0.646540844351879,0.6465408443519436
2022-04-25,AMGN.OQ,MCO.N,-5.617375204755813,5.617375204756057,-3.995299428055055e-06,3.995299428034042e-06,-0.6056037225034064,0.6056037225024613,-0.3943962774965936,0.3943962774975387
2022-04-25,AMT.N,DLTR.OQ,3.190503577530361,-3.190503577532977,6.394501095260864e-05,-6.3945010952624e-05,-0.1797033223505819,0.1797033223503364,0.820296677649418,-0.8202966776496635
2022-04-25,AMT.N,TMUS.OQ,-5.031594364352842,5.031594364352848,1.1301548765122005e-05,-1.1301548765117509e-05,-0.2632425051369882,0.2632425051369998,-0.7367574948630118,0.7367574948630001
2022-04-25,AOS.N,ORLY.OQ,6.467741289972894,-6.467741289971941,-5.8450846647851976e-05,5.84508466478284e-05,0.0382060209549973,-0.038206020955392,0.9617939790450026,-0.961793979044608
2022-04-25,ATO.N,STT.N,3.779256636588308,-3.7792566365865743,-3.3933271885610924e-05,3.393327188559748e-05,0.8905418357410614,-0.890541835740869,-0.1094581642589387,0.109458164259131
2022-04-25,AVB.N,GILD.OQ,3.6642163341539615,-3.664216334153096,-1.9617213570119552e-05,1.9617213570111627e-05,0.8081430856763069,-0.8081430856762168,-0.1918569143236931,0.1918569143237831
2022-04-25,AVB.N,TROW.OQ,-3.88581821876025,3.8858182187582497,2.9100231041566097e-05,-2.9100231041567296e-05,-0.8435607579062673,0.8435607579060751,0.1564392420937326,-0.156439242093925
2022-04-25,BAX.N,HUM.N,4.870923276139326,-4.870923276137918,-8.328554421380319e-06,8.328554421372016e-06,0.6740745491756174,-0.6740745491764023,0.3259254508243825,-0.3259254508235976
2022-04-25,BBY.N,CVS.N,-4.557497583548914,4.55749758354758,0.0,0.0,-0.4849501940063003,0.4849501940209674,-0.5150498059936996,0.5150498059790326
2022-04-25,BBY.N,OKE.N,-4.365433949816758,4.365433949760567,0.0,0.0,-0.5703418250665512,0.5703418249033745,-0.4296581749334489,0.4296581750966255
2022-04-25,BEN.N,DVA.N,-0.3894340644482693,0.3894340644471809,2.116184940449836e-05,-2.1161849404504896e-05,0.5427405365387385,-0.5427405365388753,-0.4572594634612615,0.4572594634611246
2022-04-25,BEN.N,KIM.N,-1.1001124108715714,1.1001124108696372,2.7588223705634096e-05,-2.758822370564604e-05,0.327633192828809,-0.3276331928291083,-0.6723668071711909,0.6723668071708917
2022-04-25,BFb.N,HUM.N,-0.733091614782438,0.7330916147833215,1.9468070827251403e-05,-1.946807082725412e-05,-0.6630861801230397,0.6630861801231257,0.3369138198769603,-0.3369138198768743
2022-04-25,BFb.N,INCY.OQ,-1.6573765183278983,1.6573765183296263,2.5889601777699275e-05,-2.5889601777708355e-05,-0.7022855862515557,0.7022855862517585,0.2977144137484444,-0.2977144137482416
2022-04-25,BK.N,REG.OQ,-1.2959798215042375,1.2959798215046234,-2.415801451008713e-05,2.4158014510082173e-05,-0.691122303783436,0.691122303783484,0.3088776962165641,-0.3088776962165159
2022-04-25,BRKb.N,SCHW.N,-3.7233478951990655,3.7233478952039234,-6.920295049625533e-06,6.920295049561227e-06,-0.793237320294084,0.7932373202945674,0.2067626797059159,-0.2067626797054326
2022-04-25,CAG.N,WAT.N,2.1104673154955678,-2.110467315494444,4.192518922633691e-05,-4.192518922633217e-05,0.8423209145193878,-0.8423209145192662,-0.1576790854806121,0.1576790854807338
2022-04-25,CAH.N,JCI.N,-2.4061491629690512,2.4061491629687373,3.385950459557735e-05,-3.3859504595578445e-05,-0.7936695366195334,0.7936695366194951,0.2063304633804666,-0.2063304633805047
2022-04-25,CAH.N,TJX.N,-0.9535631272204752,0.953563127220142,4.1711784046862e-05,-4.171178404686378e-05,-0.6169797706851194,0.6169797706850789,0.3830202293148806,-0.3830202293149211
2022-04-25,CARR.N,ORCL.N,0.0321719642405243,-0.0321719642395467,4.8617994755772965e-05,-4.861799475577476e-05,0.5419591713283818,-0.5419591713282601,-0.4580408286716182,0.4580408286717398
2022-04-25,CLX.N,DOV.N,0.6453392067072483,-0.6453392067073062,3.3911418633980605e-05,-3.3911418633990024e-05,0.5618383652996403,-0.5618383652996461,-0.4381616347003598,0.4381616347003539
2022-04-25,CMI.N,MCO.N,2.307425816030527,-2.307425816034092,-1.118385900813635e-05,1.1183859008134257e-05,-0.3141287867192374,0.3141287867189144,0.6858712132807625,-0.6858712132810857
2022-04-25,CMI.N,MOS.N,1.3889477904799528,-1.388947790473244,-0.0001922313812048,0.0001922313812046,-0.2936288502753929,0.2936288502761058,0.7063711497246071,-0.7063711497238943
2022-04-25,CPT.N,GWW.N,5.094003248170364,5.094003244294418,0.0,0.0,0.9988329184733464,0.9988329220171038,0.0011670815266536,0.0011670779828962
2022-04-25,CTSH.OQ,HPE.N,0.5174635378728821,-0.5174635378723113,3.63151184626018e-05,-3.631511846260508e-05,0.454845047566083,-0.4548450475660031,-0.5451549524339171,0.5451549524339968
2022-04-25,CVX.N,PCAR.OQ,0.9104810864064744,-0.910481086404139,-0.0001084214021559,0.0001084214021559,0.5630115143497066,-0.5630115143494602,-0.4369884856502934,0.4369884856505398
2022-04-25,CVX.N,WMT.N,-5.042989582515682,-5.042989582540843,0.0,0.0,-0.0044214602602489,-0.0044214534509571,-0.9955785397397512,-0.9955785465490428
2022-04-25,DHR.N,HUM.N,5.968056717601316,-5.968056717601438,-2.738685078368577e-05,2.7386850783676557e-05,0.2081618808167519,-0.2081618808165248,0.7918381191832481,-0.7918381191834752
2022-04-25,DHR.N,J.N,0.4681210860795981,-0.4681210860785709,-3.179363745541226e-05,3.1793637455400984e-05,-0.4265113348179429,0.4265113348180409,0.5734886651820571,-0.5734886651819592
2022-04-25,DHR.N,JKHY.OQ,5.309746573805135,-5.309746573804992,-6.474013846032413e-06,6.474013846014512e-06,0.1301231191206341,-0.1301231191201069,0.869876880879366,-0.8698768808798931
2022-04-25,DHR.N,TFX.N,-2.12866211250297,2.128662112503308,-6.744055307674105e-05,6.744055307674523e-05,0.3219731058922414,-0.3219731058922117,-0.6780268941077585,0.6780268941077884
2022-04-25,DLR.N,FE.N,0.907988202993518,-0.9079882029938764,-3.5719834036332864e-05,3.571983403633077e-05,-0.3294579845548097,0.3294579845547691,0.6705420154451903,-0.6705420154452308
2022-04-25,DLR.N,MOS.N,-4.468729035446043,4.468729035446258,0.0001641302278813,-0.0001641302278812,-0.3703777907474546,0.3703777907477092,-0.6296222092525454,0.6296222092522907
2022-04-25,DLR.N,NDAQ.OQ,-5.071348388372808,5.071348388372813,3.606668782999233e-05,-3.606668782999964e-05,-0.4057579398278605,0.4057579398278253,-0.5942420601721395,0.5942420601721746
2022-04-25,DOV.N,PNW.N,4.305193214677018,4.305193164542192,0.0,0.0,-0.0033437013435137,-0.003343706748373,0.9966562986564864,0.9966562932516272
2022-04-25,EBAY.OQ,IBM.N,-0.9555403735814464,0.9555403735809028,3.28949341454527e-05,-3.289493414544977e-05,0.4455882426542948,-0.445588242654356,-0.5544117573457051,0.5544117573456441
2022-04-25,EBAY.OQ,JKHY.OQ,-3.453024947498606,3.45302494750039,4.83697606250366e-07,-4.836976062504834e-07,0.1969522994025661,-0.1969522994023733,-0.8030477005974339,0.8030477005976266
2022-04-25,ED.N,FE.N,2.025383593422008,-2.025383593417984,-1.1688478873820528e-05,1.1688478873784863e-05,0.6978410260288166,-0.6978410260283352,-0.3021589739711834,0.3021589739716647
2022-04-25,EMN.N,TMUS.OQ,-4.102800815479255,4.102800815482191,1.6968448970161266e-06,-1.6968448970268506e-06,0.0782383211370447,-0.0782383211367353,-0.9217616788629552,0.9217616788632648
2022-04-25,FAST.OQ,LH.N,4.8233895732882415,-4.823389573288997,-3.652148053838537e-05,3.652148053838615e-05,0.4829709074819387,-0.4829709074814468,0.5170290925180612,-0.5170290925185531
2022-04-25,FAST.OQ,WMT.N,4.288459103796896,-4.288459103801733,-1.2349150679176755e-05,1.2349150679198124e-05,-0.0833748836090649,0.083374883608532,0.916625116390935,-0.916625116391468
2022-04-25,FE.N,VTRS.OQ,3.075420616844772,-3.07542061684466,-3.190894707950861e-05,3.190894707950642e-05,0.5080353309181768,-0.5080353309181025,0.4919646690818232,-0.4919646690818975
2022-04-25,FFIV.OQ,PAYC.N,-0.0840568780754297,0.0840568780749932,6.548366963871058e-05,-6.54836696387237e-05,-0.526493309481418,0.5264933094813782,0.473506690518582,-0.4735066905186218
2022-04-25,FIS.N,NTRS.OQ,-0.0106793061246877,0.0106793061221486,-1.5540162573002925e-05,1.5540162573003332e-05,-0.5044525202734196,0.5044525202731442,0.4955474797265804,-0.4955474797268558
2022-04-25,FLT.N,MRO.N,4.915103174747024,-4.915103174609277,0.0,0.0,0.7481122541379115,-0.7481122540796861,0.2518877458620885,-0.251887745920314
2022-04-25,FOXA.OQ,MCO.N,5.471389616484223,-5.4713896164839,-7.539186089749663e-06,7.539186089759103e-06,0.1408655004137299,-0.1408655004138815,0.8591344995862701,-0.8591344995861184
2022-04-25,GIS.N,NTRS.OQ,4.318417342549158,-4.318417342549113,6.7048530466559695e-06,-6.704853046665265e-06,0.876871023829375,-0.8768710238294958,0.123128976170625,-0.1231289761705041
2022-04-25,GL.N,SBUX.OQ,2.13821241275802,-2.138212412757425,2.048046821658977e-05,-2.0480468216589263e-05,-0.2465265246830334,0.2465265246831001,0.7534734753169665,-0.7534734753168999
2022-04-25,HPQ.N,STE.N,3.006574437441292,-3.006574437438621,9.010656282235625e-05,-9.010656282234074e-05,-0.2689958857412672,0.2689958857415624,0.7310041142587328,-0.7310041142584376
2022-04-25,IFF.N,MCO.N,-5.248663817621949,5.248663817622057,1.861461828847336e-05,-1.861461828846549e-05,0.0496473330438051,-0.049647333043795,-0.9503526669561948,0.9503526669562048
2022-04-25,IFF.N,PCG.N,-0.8389287447931201,0.8389287447931695,-5.245712447109146e-05,5.24571244710927e-05,0.2226949422174124,-0.2226949422174058,-0.7773050577825875,0.7773050577825942
2022-04-25,IFF.N,STE.N,-4.686166369110863,4.686166369108565,-8.798656622615407e-05,8.798656622612849e-05,0.0734928584691242,-0.0734928584693484,-0.9265071415308758,0.9265071415306516
2022-04-25,IFF.N,TRV.N,-4.786116872074107,4.786116872076666,-1.2439967386181215e-05,1.2439967386191258e-05,0.0358907495431171,-0.0358907495428595,-0.9641092504568828,0.9641092504571406
2022-04-25,IFF.N,UNH.N,-6.1269538815186735,6.126953881518711,5.821364384724719e-06,-5.821364384721587e-06,-0.0820005129934789,0.0820005129934523,-0.9179994870065212,0.9179994870065478
2022-04-25,IR.N,TMUS.OQ,4.492099293471832,-4.49209929347661,4.473481042408676e-08,-4.47348104069817e-08,-0.040801245560824,0.0408012455602715,0.959198754439176,-0.9591987544397284
2022-04-25,IT.N,PPL.N,2.776839185360966,-2.7768391853626238,2.5685639727670765e-05,-2.568563972767571e-05,-0.0669102324849266,0.0669102324847435,0.9330897675150732,-0.9330897675152564
2022-04-25,ITW.N,JKHY.OQ,-1.3401426306051794,1.34014263059661,-1.10496626241764e-05,1.1049662624165704e-05,-0.6256074895211159,0.6256074895203054,0.374392510478884,-0.3743925104796946
2022-04-25,ITW.N,MDLZ.OQ,-4.260803628531118,4.260803628530845,-3.088773999195306e-05,3.0887739991957465e-05,-0.0804724045977427,0.0804724045975006,-0.9195275954022571,0.9195275954024992
2022-04-25,K.N,ORLY.OQ,-1.0014904751668776,1.0014904751659213,-2.1878194464039787e-05,2.187819446404122e-05,-0.7011500761923849,0.7011500761922962,0.2988499238076151,-0.2988499238077037
2022-04-25,K.N,PH.N,1.1110468401409208,-1.111046840138273,1.2397726462001505e-05,-1.2397726462003094e-05,0.6831451142083699,-0.6831451142081003,-0.3168548857916302,0.3168548857918997
2022-04-25,KMB.N,TMUS.OQ,4.8574037854497325,-4.8574037854497485,-5.054855952750538e-06,5.054855952756437e-06,0.1328748502442948,-0.1328748502444538,0.8671251497557052,-0.8671251497555461
2022-04-25,LDOS.N,PH.N,-4.920341841611129,4.920341841610888,1.4415712269077372e-05,-1.4415712269072207e-05,-0.7298346452253119,0.7298346452255691,-0.270165354774688,0.2701653547744309
2022-04-25,LHX.N,SYY.N,-5.163569858493479,5.163569855861106,0.0,0.0,-0.6883540068738035,0.6883540042290623,-0.3116459931261965,0.3116459957709376
2022-04-25,MCO.N,NTRS.OQ,5.617503782774305,-5.617503782773338,-1.0716008466291355e-05,1.0716008466280623e-05,0.8627125511006635,-0.8627125510998088,0.1372874488993365,-0.1372874489001911
2022-04-25,MDLZ.OQ,PODD.OQ,-4.205873738822209,4.205873738822043,-3.232116371266573e-05,3.2321163712664686e-05,-0.9735516864513472,0.9735516864514696,-0.0264483135486527,0.0264483135485304
2022-04-25,MKC.N,STT.N,3.570595716257452,-3.5705957162537176,-2.1268565082871968e-05,2.126856508284836e-05,0.8816238614986097,-0.8816238614981878,-0.1183761385013903,0.1183761385018121
2022-04-25,MKTX.OQ,T.N,3.9540758982692368,-3.9540758982695294,-1.8525091163664504e-05,1.852509116366849e-05,0.8088832823187272,-0.8088832823187612,-0.1911167176812728,0.1911167176812389
2022-04-25,MRNA.OQ,XOM.N,-0.690257009141857,0.6902570091398301,-0.0001353365304888,0.0001353365304888,-0.5431029531095323,0.5431029531093159,0.4568970468904677,-0.456897046890684
2022-04-25,NDSN.OQ,ORLY.OQ,1.0418143253625445,-1.0418143253624148,-2.433732504210805e-05,2.43373250421028e-05,-0.4622073812354601,0.462207381235471,0.53779261876454,-0.5377926187645291
2022-04-25,NI.N,V.N,-0.1424859861979066,0.1424859861952143,5.479010545738184e-05,-5.479010545737629e-05,-0.6256072638615539,0.625607263861246,0.3743927361384462,-0.374392736138754
2022-04-25,NI.N,WAB.N,-0.0194149411486355,0.0194149411492418,-7.086099675512503e-05,7.086099675513112e-05,0.5641984510923838,-0.5641984510923068,-0.4358015489076163,0.4358015489076932
2022-04-25,O.N,WMT.N,4.419078927247644,-4.419078927247582,-4.0446177861413056e-05,4.044617786141593e-05,0.8224577181702782,-0.8224577181703576,0.1775422818297217,-0.1775422818296424
2022-04-25,PEG.N,WEC.N,-4.185191500269679,-4.1851913006238055,0.0,0.0,-0.9885165737326596,-0.9885165513399596,0.0114834262673404,0.0114834486600403
2022-04-25,QCOM.OQ,WBA.OQ,3.940888516571484,-3.940888516571445,1.030930539427436e-05,-1.030930539427548e-05,0.1349853829766116,-0.1349853829765773,0.8650146170233884,-0.8650146170234226
2022-04-25,STLD.OQ,STT.N,-1.9207005458500277,1.9207005458516564,0.0001332888642189,-0.000133288864219,-0.7066557967524376,0.7066557967526246,0.2933442032475624,-0.2933442032473754
2022-04-25,STT.N,TDG.N,-6.427398307736443,-6.427398299596708,0.0,0.0,-0.0017446370480055,-0.0017446407521776,-0.9982553629519944,-0.9982553592478224
2022-04-25,TROW.OQ,VLO.N,0.0234352173051021,-0.0234352173077916,-6.55407027874037e-05,6.554070278742167e-05,-0.4819393856446645,0.4819393856443809,0.5180606143553355,-0.5180606143556192
2022-04-26,A.N,ADP.OQ,-3.441599962579041,3.4415999617114807,0.0,0.0,0.1939473194888527,-0.193947319574204,-0.8060526805111473,0.8060526804257959
2022-04-26,ACGL.OQ,OXY.N,-2.743727906891361,2.743727906891636,4.917598208749447e-05,-4.91759820874803e-05,-0.8598871467873693,0.8598871467874044,0.1401128532126307,-0.1401128532125955
2022-04-26,AMZN.OQ,T.N,-7.70817894585119,7.708178945847725,6.275526750252319e-05,-6.27552675025286e-05,-0.9526748426374342,0.9526748426367384,-0.0473251573625658,0.0473251573632615
2022-04-26,39.0,301.0,0.0,0.0,0.0,0.0,-0.2876198879456381,0.2876198890598839,-0.7123801120543619,0.712380110940116
2022-04-26,BIO.N,DPZ.N,-4.029889638200822,4.029889657754376,0.0,0.0,0.1556962191321252,-0.1556962175205491,-0.8443037808678748,0.8443037824794509
2022-04-26,CARR.N,MRNA.OQ,1.3891952832222134,-1.3891952841730426,0.0,0.0,-0.4134153128861655,0.4134153127764912,0.5865846871138345,-0.5865846872235088
2022-04-26,CARR.N,NSC.N,3.731758823881541,-3.731758825407813,0.0,0.0,-0.196339995952094,0.1963399957852151,0.8036600040479059,-0.8036600042147848
2022-04-26,CARR.N,WHR.N,-1.9337842926122288,1.9337842930895608,0.0,0.0,0.368412885222044,-0.3684128851685238,-0.6315871147779559,0.6315871148314762
2022-04-26,CCL.N,CHTR.OQ,5.55464119420864,-5.554641201107876,0.0,0.0,-0.0710614333029844,0.0710614325434472,0.9289385666970156,-0.9289385674565528
2022-04-26,CCL.N,ETN.N,-2.19722991770181,2.1972299169874336,0.0,0.0,0.3530372662319425,-0.3530372663229771,-0.6469627337680575,0.6469627336770228
2022-04-26,CNC.N,HAS.OQ,4.460439115486908,-4.460439115486913,-4.203791852186936e-05,4.203791852187094e-05,0.4643615327897581,-0.4643615327896886,0.5356384672102419,-0.5356384672103115
2022-04-26,CSCO.OQ,TER.OQ,4.68900211369615,4.689002144491249,0.0,0.0,-0.0004054261943134,-0.0004054226273399,0.9995945738056864,0.99959457737266
2022-04-26,CVS.N,ETSY.OQ,4.607363895603866,-4.607363895603867,6.994924345202391e-05,-6.994924345201952e-05,0.55410004375062,-0.5541000437506265,0.4458999562493799,-0.4458999562493735
2022-04-26,DAL.N,EL.N,-1.854767688818177,1.854767688745408,0.0,0.0,0.3980627041485238,-0.3980627041563327,-0.6019372958514762,0.6019372958436672
2022-04-26,FCX.N,VICI.N,-2.275783375788308,2.275783375807538,-5.611037522409414e-05,5.6110375224031455e-05,-0.7999529016634827,0.7999529016661903,0.2000470983365173,-0.2000470983338098
2022-04-26,GLW.N,STX.OQ,4.320846924145868,-4.320846924146134,-0.000124533325735,0.000124533325735,0.0959885061219705,-0.095988506121643,0.9040114938780296,-0.904011493878357
2022-04-26,IQV.N,IR.N,2.3127679518641906,-2.3127679448645724,0.0,0.0,0.6688203898804015,-0.6688203891126935,-0.3311796101195984,0.3311796108873066
2022-04-26,MKTX.OQ,NVR.N,7.355127185599638,-7.35512718559903,-0.0001892928708369,0.0001892928708369,0.3763149560070872,-0.3763149560073041,0.6236850439929127,-0.623685043992696
2022-04-26,MOH.N,NVR.N,3.3222244832450643,-3.322224483241152,-0.000184250729308,0.0001842507293079,-0.3590805250661146,0.35908052506639,0.6409194749338855,-0.64091947493361
2022-04-26,NKE.N,STX.OQ,1.7749887418549364,-1.774988741856236,-4.104238446069428e-05,4.1042384460714415e-05,-0.2842898987810507,0.2842898987809096,0.7157101012189493,-0.7157101012190903
2022-04-26,NXPI.OQ,RJF.N,-0.1656260577372821,0.1656260577358927,-6.0893523011705926e-05,6.08935230117195e-05,-0.4915265661391025,0.4915265661389603,0.5084734338608974,-0.5084734338610398
2022-04-26,SJM.N,WMT.N,-5.015112554407691,5.015112554407682,3.492244879174994e-05,-3.492244879174291e-05,-0.4259813070292815,0.4259813070294314,-0.5740186929707184,0.5740186929705686
2022-04-27,ABT.N,MGM.N,1.5133313975838063,-1.513331397583916,-4.455667407892001e-05,4.4556674078915134e-05,0.6153401293355364,-0.6153401293355495,-0.3846598706644635,0.3846598706644505
2022-04-27,AVY.N,WDC.OQ,-4.90902395999288,4.909023959993121,-0.00010972422848,0.00010972422848,-0.7854356924331037,0.7854356924332871,-0.2145643075668963,0.2145643075667128
2022-04-27,BDX.N,CTSH.OQ,4.52429066676855,-4.5242906667673655,8.854874806665138e-05,-8.854874806672637e-05,0.0948563750904891,-0.0948563750894315,0.905143624909511,-0.9051436249105684
2022-04-27,BLK.N,IBM.N,0.2357973963770895,-0.2357973963774646,-6.425479959203712e-05,6.425479959203736e-05,0.4517878507934399,-0.4517878507934729,-0.54821214920656,0.5482121492065272
2022-04-27,CBRE.N,MGM.N,-0.9468695511870044,0.946869551186996,3.7708016784486194e-05,-3.770801678448267e-05,-0.5712020020108964,0.5712020020108954,0.4287979979891036,-0.4287979979891045
2022-04-27,CCI.N,TER.OQ,1.868155910058511,-1.8681559100570675,-0.0001404340883291,0.0001404340883291,-0.286360247312609,0.2863602473127539,0.7136397526873909,-0.7136397526872461
2022-04-27,CCL.N,PWR.N,-1.9232367349999773,1.9232367349999904,2.627292218664621e-05,-2.6272922186644968e-05,0.3739177116408955,-0.3739177116408937,-0.6260822883591044,0.6260822883591062
2022-04-27,CF.N,TDY.N,5.833116075815866,-5.833116075815655,-2.1420565971537045e-06,2.1420565971598887e-06,0.1958932972219586,-0.1958932972220939,0.8041067027780414,-0.8041067027779061
2022-04-27,CNP.N,DLR.N,1.0155725619825204,-1.0155725619864095,-3.981639825535136e-05,3.981639825533771e-05,-0.4727950436847434,0.472795043684284,0.5272049563152565,-0.527204956315716
2022-04-27,COST.OQ,CZR.OQ,3.7612828073105966,-3.761282807309706,-2.339450727656756e-05,2.3394507276585192e-05,0.7552510992844872,-0.7552510992844018,-0.2447489007155128,0.244748900715598
2022-04-27,COST.OQ,INTC.OQ,-2.1263786615653437,2.1263786615640137,1.3156247730930209e-05,-1.3156247730941408e-05,-0.5859715478163324,0.5859715478162014,0.4140284521836676,-0.4140284521837986
2022-04-27,DLR.N,MGM.N,-1.8381726696584784,1.838172669658872,6.317950944693238e-05,-6.317950944692362e-05,-0.6345191830598729,0.634519183059918,0.3654808169401272,-0.365480816940082
2022-04-27,DLR.N,TER.OQ,-0.2574512570243243,0.2574512570205259,0.000101377772415,-0.0001013777724149,0.4585127863575382,-0.4585127863579281,-0.5414872136424619,0.541487213642072
2022-04-27,DLR.N,TSLA.OQ,-1.347603153234458,1.347603153233321,5.259332768618528e-05,-5.259332768619186e-05,-0.68925300767257,0.6892530076724738,0.3107469923274299,-0.3107469923275262
2022-04-27,DLR.N,WYNN.OQ,-2.8997638060204096,2.8997638060164674,4.069018133000877e-05,-4.0690181330058816e-05,-0.7702421220170101,0.7702421220165823,0.2297578779829899,-0.2297578779834177
2022-04-27,ES.N,KMB.N,-2.486633812656452,2.486633812659716,-4.858353312582122e-05,4.858353312585372e-05,0.259757860672847,-0.2597578606725012,-0.7402421393271529,0.7402421393274988
2022-04-27,FCX.N,HD.N,-2.455473026381918,2.4554730263812528,-3.4612971005779715e-05,3.461297100577433e-05,0.3441230119549737,-0.3441230119550442,-0.6558769880450263,0.6558769880449559
2022-04-27,FFIV.OQ,PTC.OQ,-5.004740675662265,5.004740675662681,8.576678951224403e-05,-8.576678951236436e-05,-0.7480095618978277,0.7480095618985813,-0.2519904381021722,0.2519904381014187
2022-04-27,GOOG.OQ,IT.N,-1.472290320795211,1.4722903207949387,1.988841802695473e-05,-1.988841802696001e-05,0.3132246892158946,-0.3132246892159149,-0.6867753107841054,0.686775310784085
2022-04-27,GOOG.OQ,PSX.N,0.6664107467811451,-0.6664107467786872,-0.0001232936982755,0.0001232936982755,0.416970471189555,-0.4169704711893524,-0.583029528810445,0.5830295288106476
2022-04-27,GOOGL.OQ,TDY.N,-6.482078181798156,6.482078181798005,1.2009437969142008e-05,-1.2009437969150824e-05,-0.2132945863055998,0.2132945863055046,-0.7867054136944002,0.7867054136944953
2022-04-27,HSIC.OQ,LRCX.OQ,-4.526347936050604,4.526347936051046,3.4087033735406666e-06,-3.408703373531048e-06,-0.9526384417765712,0.9526384417763084,-0.0473615582234287,0.0473615582236915
2022-04-27,INCY.OQ,MSFT.OQ,0.3965323316909812,-0.3965323316940266,-5.3648828006992986e-05,5.364882800694801e-05,0.6068061112258507,-0.6068061112261567,-0.3931938887741492,0.3931938887738433
2022-04-27,IT.N,J.N,0.1170961186517106,-0.1170961186502068,4.292126901668804e-05,-4.292126901668399e-05,-0.4543271784327087,0.4543271784328504,0.5456728215672912,-0.5456728215671496
2022-04-27,KMX.N,TDY.N,-5.606092936817944,5.606092936817892,7.522049022020832e-07,-7.522049022229515e-07,-0.3220786077305548,0.322078607730586,-0.6779213922694453,0.6779213922694141
2022-04-27,LRCX.OQ,WAT.N,0.8248437219712857,-0.8248437219689438,3.936143905079285e-05,-3.936143905079083e-05,0.5513513368828684,-0.55135133688267,-0.4486486631171316,0.4486486631173301
2022-04-27,NCLH.N,TEL.N,1.0141224223104928,-1.0141224223103522,6.463960320739323e-05,-6.463960320738538e-05,-0.4870418793198738,0.4870418793198919,0.5129581206801263,-0.512958120680108
2022-04-27,NSC.N,UAL.OQ,-5.411844845007493,5.411844845006349,-8.163007835470322e-05,8.163007835479835e-05,-0.9113020176968027,0.9113020176961244,-0.0886979823031971,0.0886979823038757
2022-04-27,NXPI.OQ,SEDG.OQ,-1.6174608317700256,1.6174608317693198,0.0002482771575874,-0.0002482771575874,0.3698124440417726,-0.3698124440418386,-0.6301875559582274,0.6301875559581613
2022-04-27,ORLY.OQ,WDC.OQ,-2.4295353468888754,2.429535346891133,6.545769075824233e-05,-6.545769075819399e-05,-0.6038705362468474,0.6038705362470631,0.3961294637531526,-0.3961294637529368
2022-04-27,PTC.OQ,WYNN.OQ,1.8181386142582183,-1.8181386142577003,-2.3045852761211133e-05,2.3045852761216825e-05,0.6845524501852572,-0.6845524501851983,-0.3154475498147428,0.3154475498148016
2022-04-27,PWR.N,ULTA.OQ,-0.0984259985023537,0.0984259985031984,-4.565222251552527e-05,4.565222251553377e-05,0.5475936580560432,-0.5475936580559648,-0.4524063419439567,0.4524063419440351
2022-04-27,SBAC.OQ,WYNN.OQ,4.474169783429619,-4.47416978342869,-6.678830095085098e-05,6.678830095085825e-05,0.8609719297158297,-0.8609719297157378,-0.1390280702841703,0.1390280702842622
2022-04-28,ADM.N,PFG.OQ,-0.8601401973858144,0.8601401973859015,2.9312625616339e-05,-2.931262561634227e-05,-0.5819883800900298,0.5819883800900397,0.4180116199099702,-0.4180116199099603
2022-04-28,AFL.N,FICO.N,3.7944648623165,-3.794464862315863,-4.418841005887967e-05,4.418841005886609e-05,0.9728272155184812,-0.9728272155184176,-0.0271727844815187,0.0271727844815824
2022-04-28,AFL.N,SYY.N,-4.209463373305749,4.209463373305781,3.79954676092674e-05,-3.799546760926625e-05,-0.6496783828129421,0.6496783828128737,-0.350321617187058,0.3503216171871262
2022-04-28,AFL.N,TROW.OQ,-4.2630743776456805,4.2630743776456335,4.437593446389832e-05,-4.437593446389993e-05,-0.751424479344876,0.7514244793449325,-0.248575520655124,0.2485755206550676
2022-04-28,AIZ.N,SYY.N,1.821971052261829,-1.8219710522645736,8.792483155891755e-06,-8.792483155895046e-06,0.6496875819444768,-0.6496875819447603,-0.3503124180555232,0.3503124180552397
2022-04-28,CBRE.N,DHR.N,-5.457260414432874,5.457260414432304,1.4157701921292925e-05,-1.4157701921277922e-05,-0.0748945371401995,0.0748945371407116,-0.9251054628598004,0.9251054628592884
2022-04-28,CHTR.OQ,DIS.N,1.616136187221851,-1.6161361872217657,2.031940709469848e-05,-2.031940709470033e-05,-0.2869600177021276,0.2869600177021355,0.7130399822978724,-0.7130399822978645
2022-04-28,CHTR.OQ,LEN.N,-0.3729610040054796,0.3729610040048803,-0.0001068202750429,0.0001068202750429,0.3783466699379248,-0.3783466699379821,-0.6216533300620751,0.6216533300620178
2022-04-28,COF.N,WM.N,5.086293066945381,-5.086293066945698,5.926168484424944e-05,-5.926168484436144e-05,0.1207057347734365,-0.1207057347723177,0.8792942652265635,-0.8792942652276823
2022-04-28,CTAS.OQ,OXY.N,-5.304835517225842,5.304835517225853,-8.802613695209703e-05,8.802613695209089e-05,-0.6525183335249175,0.6525183335249244,-0.3474816664750826,0.3474816664750756
2022-04-28,CTLT.N,RTX.N,-1.0037286757400985,1.0037286757437247,3.372295734139202e-05,-3.3722957341396966e-05,0.3954584536475786,-0.3954584536471778,-0.6045415463524213,0.6045415463528222
2022-04-28,CTLT.N,TDG.N,-1.8507474115768456,1.8507474115753115,4.61339804377303e-05,-4.613398043772619e-05,0.419859111085092,-0.419859111085233,-0.5801408889149079,0.5801408889147669
2022-04-28,DIS.N,NWS.OQ,-4.7231586346490015,-4.723158625275604,0.0,0.0,-0.9958962518220136,-0.9958962463839892,-0.0041037481779865,-0.0041037536160108
2022-04-28,EQT.N,PFG.OQ,-4.017232382045826,4.017232382045838,-0.000125809682645,0.000125809682645,-0.3772414267274763,0.3772414267274575,-0.6227585732725238,0.6227585732725425
2022-04-28,FICO.N,HPQ.N,1.3161046407470556,-1.3161046407468495,7.535986638449038e-05,-7.535986638449042e-05,-0.2391818495909175,0.2391818495909391,0.7608181504090824,-0.7608181504090609
2022-04-28,FICO.N,NTRS.OQ,2.060420316478884,-2.06042031647985,3.945651824932045e-05,-3.945651824928242e-05,-0.2454197393877675,0.2454197393876767,0.7545802606122325,-0.7545802606123233
2022-04-28,FICO.N,SBUX.OQ,1.6724022970975967,-1.6724022970957697,2.1406016762384217e-05,-2.1406016762410505e-05,-0.2576721490718236,0.2576721490720013,0.7423278509281763,-0.7423278509279987
2022-04-28,GPN.N,MRNA.OQ,4.943392012329632,-4.943392012356099,0.0,0.0,0.9147705101989504,-0.9147705109712688,0.0852294898010496,-0.0852294890287311
2022-04-28,HST.OQ,TJX.N,-3.210937132977215,3.210937132977689,-3.808440430671528e-05,3.808440430672609e-05,0.1279068237226214,-0.1279068237225545,-0.8720931762773786,0.8720931762774455
2022-04-28,IFF.N,OKE.N,4.175760515732836,-4.175760515732806,0.0001051821686356,-0.0001051821686356,0.0002195254457498,-0.0002195254456973,0.9997804745542502,-0.9997804745543026
2022-04-28,J.N,V.N,5.234756065692723,-5.234756062684277,0.0,0.0,0.3585191027355219,-0.3585191094563391,0.641480897264478,-0.641480890543661
2022-04-28,KDP.OQ,QCOM.OQ,1.3485541062434554,-1.3485541062421105,-6.447825546455655e-05,6.447825546458349e-05,0.7337342205522991,-0.7337342205521422,-0.2662657794477008,0.2662657794478578
2022-04-28,KR.N,TPR.N,-0.9879696323676368,0.9879696323685538,-3.3006600241587e-05,3.300660024157965e-05,-0.5966022863040548,0.5966022863041771,0.4033977136959452,-0.4033977136958229
2022-04-28,KR.N,WM.N,1.9956644236365952,-1.995664423632272,4.4873271771190414e-05,-4.48732717711511e-05,-0.3421032961804353,0.3421032961809088,0.6578967038195647,-0.6578967038190912
2022-04-28,LW.N,USB.N,-0.8288885763371869,0.828888576336392,1.3255697881839424e-05,-1.3255697881845664e-05,0.3794044517321467,-0.3794044517322449,-0.6205955482678532,0.6205955482677551
2022-04-28,LYB.N,XOM.N,-4.534591905710581,4.534591905710629,-9.640658369876724e-05,9.64065836987397e-05,-0.4599589106728075,0.4599589106730184,-0.5400410893271924,0.5400410893269816
2022-04-28,MAA.N,SWKS.OQ,-4.878997221330327,4.878997221330284,-6.29543461309905e-05,6.295434613097927e-05,-0.2565614373255845,0.2565614373255092,-0.7434385626744154,0.7434385626744909
2022-04-28,MAR.OQ,WMB.N,-4.6934957240648,4.693495724064097,-4.469770403059348e-05,4.4697704030615e-05,-0.6975798767149733,0.6975798767145558,-0.3024201232850266,0.3024201232854442
2022-04-28,MET.N,RTX.N,0.4500323273645603,-0.4500323273649351,-2.650995149908364e-05,2.6509951499078397e-05,-0.4706743679202218,0.4706743679201791,0.5293256320797781,-0.5293256320798209
2022-04-28,NKE.N,SLB.N,4.047851590328593,-4.04785159032831,0.000117178792243,-0.000117178792243,0.3371089580708359,-0.3371089580705919,0.662891041929164,-0.6628910419294081
2022-04-28,PFG.OQ,ZBH.N,1.1124509062316543,-1.1124509062319563,-2.3615268711253867e-05,2.3615268711235907e-05,-0.4090637216214932,0.4090637216214597,0.5909362783785068,-0.5909362783785403
2022-04-28,SYF.N,TPR.N,-0.3401518072759361,0.3401518072753539,-3.128535371117278e-05,3.12853537111785e-05,-0.5386526239797281,0.5386526239796462,0.4613473760202718,-0.4613473760203538
2022-04-28,SYF.N,WM.N,-4.596649056381477,4.596649056382719,-5.086541422001698e-05,5.086541422006695e-05,-0.3481801621968698,0.3481801621960445,-0.6518198378031302,0.6518198378039555
2022-06-06,ABNB.OQ,BLK.N,-6.246443670908626,6.246443670909343,0.0001174160364119,-0.0001174160364118,-0.167164512508893,0.1671645125084754,-0.832835487491107,0.8328354874915246
2022-06-06,ALLE.N,GL.N,1.774709270391259,-1.774709270387954,-2.4206071466766927e-05,2.4206071466741103e-05,-0.302289952004786,0.302289952005141,0.697710047995214,-0.697710047994859
2022-06-06,ALLE.N,PODD.OQ,-0.2429452132977299,0.2429452133001111,4.360915636976532e-05,-4.3609156369740014e-05,-0.5560487889218462,0.5560487889220823,0.4439512110781538,-0.4439512110779177
2022-06-06,ALLE.N,ZBH.N,-3.8527061659149777,3.852706168606925,0.0,0.0,-0.9089175826200042,0.9089175829024988,0.0910824173799958,-0.0910824170975011
2022-06-06,AWK.N,CTSH.OQ,-0.43052810464858,0.4305281046519815,-2.3103274098891715e-05,2.3103274098880568e-05,-0.5063565054410695,0.5063565054414327,0.4936434945589306,-0.4936434945585673
2022-06-06,BKR.OQ,KMI.N,-3.631874009584146,-3.631874008623909,0.0,0.0,-0.9999910226433218,-0.9999910211433092,-8.977356678203227e-06,-8.978856690908676e-06
2022-06-06,CB.N,EMN.N,5.005400777518872,-5.005400777521075,-5.942467437210373e-05,5.9424674371753846e-05,0.4464297957303892,-0.4464297957338916,0.5535702042696107,-0.5535702042661084
2022-06-06,CINF.OQ,PKG.N,3.472426723467104,-3.472426723467591,-3.045541199624732e-05,3.0455411996262304e-05,-0.161935417447529,0.1619354174474799,0.838064582552471,-0.8380645825525201
2022-06-06,CMG.N,EMN.N,-1.0216459426046942,1.0216459426027842,-3.137930999881176e-05,3.137930999880745e-05,-0.4805543583094807,0.4805543583093208,0.5194456416905193,-0.5194456416906792
2022-06-06,CMG.N,PCAR.OQ,2.114867415692604,-2.114867415691587,-1.8384001428998933e-05,1.838400142898199e-05,-0.2026513865101863,0.2026513865102729,0.7973486134898137,-0.7973486134897271
2022-06-06,CMG.N,STX.OQ,-1.1227950838497989,1.122795083849624,-5.67212254748616e-05,5.672122547484046e-05,-0.4764339297277667,0.4764339297277516,0.5235660702722332,-0.5235660702722483
2022-06-06,CMS.N,DD.N,-4.255414232120039,4.255414232120035,4.978616763172338e-05,-4.978616763169115e-05,-0.6555456245665513,0.6555456245665281,-0.3444543754334486,0.3444543754334719
2022-06-06,CMS.N,RCL.N,-4.252939487126061,4.252939487126051,1.665664893178536e-05,-1.665664893174622e-05,-0.9266038537721396,0.9266038537721092,-0.0733961462278602,0.0733961462278908
2022-06-06,CNP.N,SBUX.OQ,-3.8433425985008416,3.843342598501148,8.008635360462691e-05,-8.008635360468377e-05,-0.5898192875950203,0.5898192875946956,-0.4101807124049796,0.4101807124053043
2022-06-06,CTRA.N,HLT.N,1.2975438862910649,-1.2975438862911433,-5.770440553425635e-05,5.7704405534258255e-05,-0.4305111995585353,0.430511199558526,0.5694888004414647,-0.569488800441474
2022-06-06,CTRA.N,J.N,-3.920210527259312,3.9202105272670456,1.931396666688988e-06,-1.931396666658062e-06,0.1178170931888362,-0.1178170931879256,-0.8821829068111637,0.8821829068120743
2022-06-06,GILD.OQ,NKE.N,0.1461874504335389,-0.1461874507584753,0.0,0.0,-0.5205833244635601,0.5205833244269634,0.4794166755364398,-0.4794166755730365
2022-06-06,ITW.N,MKTX.OQ,5.554070914879813,-5.554070914879452,-8.294916226169743e-05,8.294916226158701e-05,0.3410030178430928,-0.3410030178442345,0.6589969821569072,-0.6589969821557655
2022-06-06,ITW.N,MRNA.OQ,-5.332073309648617,5.332073309648623,3.267115769508209e-05,-3.26711576950853e-05,-0.9679548952983892,0.9679548952984032,-0.0320451047016106,0.0320451047015968
2022-06-06,KR.N,PGR.N,4.658785538185784,-4.658785538186226,-3.22331612691408e-06,3.223316126906551e-06,0.1576857067018416,-0.1576857067013079,0.8423142932981583,-0.8423142932986921
2022-06-06,MGM.N,STE.N,0.6205087738094919,-0.6205087738207068,-2.916414810511278e-05,2.9164148105280156e-05,0.6716288391478805,-0.6716288391491294,-0.3283711608521195,0.3283711608508706
2022-06-06,MOS.N,OMC.N,2.965708145785568,-2.965708145784629,-4.028934344999021e-05,4.028934344998832e-05,-0.1571920856001084,0.1571920856002207,0.8428079143998917,-0.8428079143997792
2022-06-06,MSI.N,NEM.N,2.70541426952538,-2.705414271012137,0.0,0.0,-0.1565016753051857,0.1565016751507394,0.8434983246948143,-0.8434983248492606
2022-06-06,OKE.N,STT.N,-0.0277222711898851,0.0277222711978479,-8.09956287799698e-05,8.09956287797766e-05,-0.5078331146965601,0.5078331146974961,0.4921668853034399,-0.4921668853025039
2022-06-06,SPG.N,WAB.N,4.565658674094665,-4.5656586740946175,-3.947768119261827e-05,3.947768119261516e-05,0.0736077369403686,-0.0736077369400384,0.9263922630596312,-0.9263922630599616
2022-06-06,STLD.OQ,WBA.OQ,4.044145179266674,-4.044145179266072,-7.829612805107563e-05,7.829612805114153e-05,0.4077360915203955,-0.4077360915194432,0.5922639084796045,-0.5922639084805569
2022-06-06,STLD.OQ,WRK.N,-2.765184215168845,2.7651842151680137,0.0001088889077652,-0.0001088889077652,0.1370704523138507,-0.1370704523139504,-0.8629295476861493,0.8629295476860495
2022-06-06,TXT.N,WEC.N,2.424823720175864,-2.4248237201777485,-2.149708338450987e-05,2.1497083384515253e-05,-0.2513447232532486,0.2513447232530361,0.7486552767467515,-0.7486552767469639
2022-06-07,AAL.OQ,ULTA.OQ,3.5831090833162884,-3.583109083316548,1.588388163398739e-06,-1.588388163397968e-06,-0.277539897794876,0.2775398977948466,0.722460102205124,-0.7224601022051534
2022-06-07,ACGL.OQ,ANET.N,2.6910295936419075,-2.691029593643515,1.9831082658335228e-05,-1.9831082658373595e-05,0.8635081099621036,-0.8635081099622934,-0.1364918900378965,0.1364918900377066
2022-06-07,ACGL.OQ,NTAP.OQ,-3.966543722171872,3.9665437221719184,-9.785672604190726e-06,9.785672604216372e-06,-0.7148548783314616,0.7148548783313401,-0.2851451216685384,0.2851451216686598
2022-06-07,AEE.N,AME.N,2.7191045027278014,-2.719104502726628,1.7028998551232092e-06,-1.7028998551444831e-06,0.8064014753865086,-0.8064014753863835,-0.1935985246134913,0.1935985246136164
2022-06-07,AMCR.N,ODFL.OQ,-0.1909793426680027,0.1909793426679178,-5.3286599185699386e-05,5.328659918572032e-05,-0.7069990348229284,0.7069990348229181,0.2930009651770717,-0.2930009651770818
2022-06-07,APTV.N,MRO.N,-2.112417790623738,2.112417790622668,2.7559916797441635e-05,-2.7559916797425545e-05,0.1657864410516728,-0.1657864410518036,-0.8342135589483273,0.8342135589481964
2022-06-07,CARR.N,PPL.N,-1.6755720885238448,1.675572088524142,-2.6293128335925543e-05,2.6293128335914585e-05,0.2437590105182317,-0.2437590105181901,-0.7562409894817682,0.7562409894818098
2022-06-07,CAT.N,CF.N,-1.5660039060805495,1.5660039060818265,7.643494757960938e-05,-7.6434947579623e-05,0.2988253534236756,-0.2988253534235474,-0.7011746465763244,0.7011746465764527
2022-06-07,CAT.N,PNR.N,-1.604182774245574,1.604182774244745,-3.5485414836206615e-05,3.548541483620047e-05,-0.5923825583332929,0.5923825583332041,0.4076174416667071,-0.4076174416667959
2022-06-07,CMS.N,FCX.N,4.132773326300699,-4.132773326300089,-3.376692322476049e-05,3.3766923224902765e-05,0.7366354930780965,-0.7366354930768415,0.2633645069219035,-0.2633645069231584
2022-06-07,CRM.N,WBA.OQ,-1.569304860589518,1.5693048605887738,3.1061594188593124e-05,-3.1061594188568505e-05,0.2436510270434388,-0.2436510270435215,-0.7563489729565612,0.7563489729564784
2022-06-07,DE.N,HPE.N,-1.9741266820191876,1.9741266820204828,2.241993717772351e-05,-2.241993717772603e-05,-0.5444822219872923,0.5444822219874426,0.4555177780127076,-0.4555177780125575
2022-06-07,DXCM.OQ,TRV.N,4.203873288808574,-4.20387328438953,0.0,0.0,-0.0892681729796328,0.0892681733847966,0.9107318270203671,-0.9107318266152034
2022-06-07,FANG.OQ,WBA.OQ,-1.7772253299067304,1.7772253299104113,1.4479808016519013e-05,-1.4479808016537476e-05,-0.6272863188695172,0.6272863188699345,0.3727136811304828,-0.3727136811300656
2022-06-07,J.N,ODFL.OQ,-1.9055870488112616,1.905587048811222,-3.350362471006511e-05,3.350362471005973e-05,-0.7142729650890073,0.7142729650890034,0.2857270349109928,-0.2857270349109966
2022-06-07,LW.N,NRG.N,-1.4606186327851824,1.4606186327861543,2.272455282686704e-05,-2.2724552826873835e-05,-0.6551399332763554,0.6551399332764763,0.3448600667236445,-0.3448600667235236
2022-06-07,MRK.N,PHM.N,3.787485658240608,-3.787485658241408,1.2962577291163106e-05,-1.2962577291140917e-05,0.9143368712615592,-0.914336871261656,-0.0856631287384407,0.0856631287383441
2022-06-07,MTB.N,WBA.OQ,0.6950643320233265,-0.6950643320237282,2.7492451372230327e-05,-2.7492451372229805e-05,0.4980211884610793,-0.4980211884611242,-0.5019788115389207,0.5019788115388758
2022-06-07,ODFL.OQ,RF.N,-0.651150262930149,0.651150262930278,-2.9970105004037986e-05,2.9970105004032947e-05,0.2798969652580714,-0.2798969652580566,-0.7201030347419286,0.7201030347419435
2022-06-07,ODFL.OQ,RTX.N,-2.6559757354473272,2.6559757354470515,-5.647619824620687e-05,5.647619824621599e-05,0.1890400249094805,-0.1890400249095075,-0.8109599750905195,0.8109599750904924
2022-06-07,PGR.N,PHM.N,-3.9359049449195327,3.935904944919298,-2.1366051430075546e-05,2.1366051430046675e-05,-0.9014735828086976,0.9014735828086698,0.0985264171913025,-0.0985264171913302
2022-06-07,PPL.N,TTWO.OQ,-2.297036719727044,2.297036719727126,-2.8838586160437876e-05,2.883858616043822e-05,-0.8667163777242609,0.8667163777242707,0.133283622275739,-0.1332836222757292
2022-06-07,RL.N,TRV.N,-2.795444147586964,2.795444147587312,-1.5266277247418273e-05,1.5266277247416132e-05,0.2417409264252461,-0.2417409264252106,-0.758259073574754,0.7582590735747894
2022-06-08,ABNB.OQ,C.N,-0.7781318684229892,0.778131868426339,1.599825372114465e-05,-1.59982537211514e-05,0.3614156322249257,-0.3614156322245439,-0.6385843677750743,0.638584367775456
2022-06-08,ABNB.OQ,PLD.N,-4.811980622183916,-4.811980593351049,0.0,0.0,-0.9985650486090252,-0.99856504562945,0.0014349513909749,0.00143495437055
2022-06-08,ABNB.OQ,VRSK.OQ,-4.771818656062475,-4.771818735828161,0.0,0.0,-0.9945867580165412,-0.9945867660092612,0.005413241983459,0.0054132339907388
2022-06-08,ADI.OQ,DXCM.OQ,5.200323478313736,-5.200323478313617,1.805221323214688e-05,-1.80522132321465e-05,0.8639446241105555,-0.8639446241107569,0.1360553758894445,-0.1360553758892431
2022-06-08,ADP.OQ,IT.N,0.73666306869719,-0.7366630686975243,-1.846841311698957e-05,1.8468413116985485e-05,-0.4415774236408773,0.4415774236408469,0.5584225763591226,-0.558422576359153
2022-06-08,ADP.OQ,WY.N,-0.7247489950619738,0.7247489950593041,-4.201322262875552e-05,4.2013222628779214e-05,-0.4842642060994847,0.48426420609919,0.5157357939005153,-0.51573579390081
2022-06-08,AEE.N,IP.N,4.219878947421007,-4.219878947421039,-6.334323782178859e-06,6.334323782175331e-06,0.5328077289160352,-0.5328077289160805,0.4671922710839647,-0.4671922710839195
2022-06-08,AES.N,ENPH.OQ,-3.68412133788492,3.684121337884679,7.646635978243035e-05,-7.646635978240813e-05,-0.7469844700924303,0.7469844700925383,-0.2530155299075698,0.2530155299074617
2022-06-08,AES.N,HST.OQ,-1.1495984422740666,1.1495984422744203,2.6968657986759703e-05,-2.6968657986756613e-05,-0.6807496276490673,0.6807496276491248,0.3192503723509327,-0.3192503723508752
2022-06-08,AIG.N,DFS.N,4.450389411409123,-4.450389413976906,0.0,0.0,0.4208876887140816,-0.4208876847275388,0.5791123112859184,-0.5791123152724612
2022-06-08,AIG.N,DTE.N,4.890134330957878,4.890134329616136,0.0,0.0,0.0004960879470108,0.0004960895914658,0.9995039120529892,0.9995039104085344
2022-06-08,AKAM.OQ,CZR.OQ,-1.8601582479234475,1.8601582479203864,-4.056418506727224e-05,4.0564185067292776e-05,-0.6790209574248005,0.6790209574244442,0.3209790425751995,-0.3209790425755559
2022-06-08,AKAM.OQ,PYPL.OQ,-2.4640773833157152,2.4640773833101925,4.382219648872725e-05,-4.38221964887147e-05,0.2222070748733029,-0.2222070748739097,-0.7777929251266971,0.7777929251260902
2022-06-08,AKAM.OQ,WY.N,-1.0686091471455177,1.068609147146042,-4.49143237395939e-05,4.491432373959397e-05,-0.571335539795978,0.5713355397960413,0.4286644602040221,-0.4286644602039587
2022-06-08,ALGN.OQ,D.N,4.411945486213559,4.41194549153636,0.0,0.0,0.0007286698503035,0.0007286742755219,0.9992713301496964,0.999271325724478
2022-06-08,ALK.N,REG.OQ,-0.0800141990119356,0.0800141990113795,-2.432272832341576e-05,2.432272832341276e-05,0.5083344438577343,-0.5083344438578034,-0.4916655561422656,0.4916655561421967
2022-06-08,AMCR.N,CTRA.N,-3.5291186663334155,3.5291186663332987,-6.325847603368881e-05,6.325847603368375e-05,-0.0577505130845201,0.0577505130846389,-0.94224948691548,0.942249486915361
2022-06-08,AMCR.N,PLD.N,0.5299393383639213,-0.5299393383617439,-2.6457810749564195e-05,2.645781074955536e-05,-0.5807876340066666,0.580787634006959,0.4192123659933334,-0.4192123659930409
2022-06-08,AMD.OQ,WBA.OQ,3.876828209359551,-3.876828209110955,0.0,0.0,0.1341778346004241,-0.1341778343277113,0.8658221653995758,-0.8658221656722886
2022-06-08,ANSS.OQ,MTCH.OQ,4.726233792230871,-4.726233792231815,-0.0001099482941883,0.0001099482941882,0.2370212200953734,-0.2370212200962302,0.7629787799046266,-0.7629787799037697
2022-06-08,BA.N,SO.N,-4.316606624738449,-4.316606665624544,0.0,0.0,0.00074266850209,0.0007426640911874,-0.99925733149791,-0.9992573359088124
2022-06-08,BDX.N,ZBRA.OQ,-1.3589126219350334,1.3589126219351857,2.8315627177734225e-05,-2.831562717773111e-05,-0.6306340631193365,0.6306340631193498,0.3693659368806636,-0.3693659368806501
2022-06-08,BR.N,ON.OQ,4.906935644169891,-4.906935644170446,7.2871031103867905e-06,-7.287103110367875e-06,0.8990358530431788,-0.899035853043854,0.1009641469568211,-0.1009641469561459
2022-06-08,BR.N,TXT.N,2.455270681288812,-2.455270681288453,1.8044826928527737e-05,-1.8044826928470115e-05,-0.1918431926378019,0.1918431926378414,0.8081568073621981,-0.8081568073621586
2022-06-08,CB.N,CSX.OQ,2.980288561744764,-2.980288561743563,-3.574440611154685e-05,3.5744406111549644e-05,0.7306880883914416,-0.7306880883913054,-0.2693119116085584,0.2693119116086945
2022-06-08,CMCSA.OQ,GD.N,4.362674751204241,-4.362674751204555,3.897496918215242e-05,-3.897496918214094e-05,0.6436050514102136,-0.6436050514100274,0.3563949485897863,-0.3563949485899725
2022-06-08,CMCSA.OQ,JNPR.N,3.5684780010773443,-3.568478001077249,4.634780609023469e-05,-4.634780609022048e-05,0.438379430429916,-0.4383794304296358,0.5616205695700839,-0.5616205695703643
2022-06-08,CMCSA.OQ,SYK.N,-4.432906492718837,4.432906492718481,-4.958232507156904e-05,4.958232507158025e-05,-0.5973702792223349,0.597370279222549,-0.4026297207776651,0.4026297207774511
2022-06-08,CMS.N,DUK.N,2.0881649525206005,-2.088164952518354,-1.2351349056819652e-05,1.2351349056810112e-05,-0.2927303914700326,0.2927303914702825,0.7072696085299675,-0.7072696085297175
2022-06-08,D.N,VMC.N,-4.417309629049184,-4.417309639074294,0.0,0.0,-0.9911621902501814,-0.991162175941652,-0.0088378097498186,-0.0088378240583478
2022-06-08,DTE.N,LOW.N,2.412759228020092,-2.412759228081803,4.0195483611188805e-05,-4.019548361151831e-05,-0.2806386447507637,0.2806386447446847,0.7193613552492364,-0.7193613552553152
2022-06-08,EMN.N,ON.OQ,2.7751022647913834,-2.775102264790701,-1.7407157917341805e-05,1.740715791734144e-05,0.7818148836442768,-0.7818148836442002,-0.2181851163557231,0.2181851163557998
2022-06-08,GS.N,TSLA.OQ,-6.156612177994372,6.156612177994286,6.557571943180575e-05,-6.557571943178875e-05,-0.5390435238595732,0.5390435238596714,-0.4609564761404269,0.4609564761403287
2022-06-08,HBAN.OQ,KDP.OQ,3.147545795304055,-3.14754579530652,-2.711401209834173e-05,2.711401209835032e-05,-0.0716587829537808,0.0716587829533835,0.9283412170462192,-0.9283412170466164
2022-06-08,IDXX.OQ,RCL.N,-5.508462187588884,5.508462187589856,-7.728038120691069e-05,7.728038120697279e-05,-0.7834851675689084,0.7834851675694158,-0.2165148324310916,0.2165148324305843
2022-06-08,IVZ.N,NEE.N,2.972202715895447,-2.972202715892103,6.334522949554549e-06,-6.334522949552707e-06,-0.1917292122347323,0.19172921223519,0.8082707877652677,-0.80827078776481
2022-06-08,LH.N,LOW.N,-4.721294934822317,4.721294934818884,-5.149921646319811e-05,5.149921646319544e-05,0.0503059337418892,-0.0503059337422085,-0.9496940662581108,0.9496940662577914
2022-06-08,MS.N,MTCH.OQ,-4.436187743213319,4.43618774320942,0.0001265513294391,-0.0001265513294391,0.0030148457389256,-0.0030148457393633,-0.9969851542610744,0.9969851542606366
2022-06-08,NEE.N,NVDA.OQ,-1.2048583154750112,1.2048583154740211,-4.996255290077108e-05,4.996255290078371e-05,-0.6709714157923853,0.6709714157922825,0.3290285842076147,-0.3290285842077176
2022-06-08,NUE.N,TSLA.OQ,5.819127686277562,-5.819127686277343,-7.05817006439258e-05,7.058170064389858e-05,0.4588096036431014,-0.4588096036432237,0.5411903963568986,-0.5411903963567762
2022-06-08,NWS.OQ,PYPL.OQ,-3.330814840133697,3.3308148401329905,5.855113865491203e-05,-5.855113865493024e-05,0.1572754290266434,-0.1572754290267395,-0.8427245709733565,0.8427245709732605
2022-06-08,ON.OQ,SWKS.OQ,1.2344861766262332,-1.234486176624957,-3.5821145794349346e-05,3.5821145794347415e-05,-0.3895916189499709,0.3895916189501149,0.610408381050029,-0.610408381049885
2022-06-08,PYPL.OQ,UNP.N,3.089823147127011,-3.0898231471273143,-4.743785809374802e-05,4.743785809374249e-05,0.8586924726376652,-0.8586924726376961,-0.1413075273623347,0.1413075273623039
2022-06-08,T.N,TT.N,-3.0551757729324582,-3.055175780209721,0.0,0.0,-0.9977547642844736,-0.997754760423668,-0.0022452357155264,-0.0022452395763319
